qid,pypi,bioconductor,cran
Q100153106,pytesseract,,
Q100153707,pywin32,,
Q100153863,arrow,,
Q102187923,,,quanteda
Q102522075,mypy,,
Q102537983,,,WGCNA
Q102565362,mkdocs,,
Q1026367,scikit-learn,,
Q10370776,setuptools,,
Q103815779,,scater,
Q104854189,,,dplyr
Q105209416,,,ggplot2
Q105891242,Pillow,,
Q106315290,gprMax,,
Q106407822,,phyloseq,
Q106638376,,ArrayExpress,
Q107370289,Werkzeug,,
Q107370303,click,,
Q107380446,PyYAML,,
Q107380450,pytz,,
Q107380451,Babel,,
Q107380502,python-dateutil,,
Q107380504,appdirs,,
Q107380505,toml,,
Q107380518,pycparser,,
Q107380530,pyparsing,,
Q107380534,docutils,,
Q107380549,docopt,,
Q107380551,fields,,
Q107380552,hunter,,
Q107380557,identify,,
Q107380602,future,,
Q107380609,py,,
Q107380616,tox,,
Q107380619,graphviz,,
Q107380633,lxml,,
Q107380638,Markdown,,
Q107380658,statistics,,
Q107380660,elasticsearch,,
Q107380665,codecov,,
Q107380666,numpydoc,,
Q107380673,bcrypt,,
Q107380677,pickleshare,,
Q107380705,jsonschema,,
Q107380709,fuzzywuzzy,,
Q107380714,build,,
Q107380724,boto3,,
Q107380725,botocore,,
Q107380730,rsa,,
Q107380733,gmpy2,,
Q107380737,invoke,,
Q107380739,paramiko,,
Q107380740,docker,,
Q107380748,parameterized,,
Q107380749,tzlocal,,
Q107380757,pygraphviz,,
Q107380758,pydot,,
Q107380833,nbconvert,,
Q107380841,selenium,,
Q107380844,ipyparallel,,
Q107380851,ipywidgets,,
Q107380864,stevedore,,
Q107380878,Mako,,
Q107380896,trio,,
Q107380903,msgpack,,
Q107380921,PyMySQL,,
Q107380922,psycopg2,,
Q107380928,pifpaf,,
Q107380938,numba,,
Q107380943,h5py,,
Q107380959,blosc,,
Q107380961,bokeh,,
Q107380967,ply,,
Q107380968,stone,,
Q107380969,dropbox,,
Q107380981,pyarrow,,
Q107380983,s3fs,,
Q107380996,rasterio,,
Q107381003,xarray,,
Q107381008,GitPython,,
Q107381012,folium,,
Q107381022,tabulate,,
Q107381024,nbdime,,
Q107381029,mpmath,,
Q107381036,altair,,
Q107381038,argparse,,
Q107381039,jupyter,,
Q107381050,parse,,
Q107381061,pymongo,,
Q107381071,radon,,
Q107381075,jupyterlab,,
Q107381104,hyperframe,,
Q107381105,hpack,,
Q107381118,Automat,,
Q107381126,virtualenv,,
Q107381131,pytest-cov,,
Q107381139,twine,,
Q107381141,mock,,
Q107381144,psutil,,
Q107381157,black,,
Q107381161,simplejson,,
Q107381170,falcon,,
Q107381180,termcolor,,
Q107381190,rich,,
Q107381206,path,,
Q107381363,configparser,,
Q107381457,tensorboard,,
Q107381460,joblib,,
Q107381463,tifffile,,
Q107381464,PyWavelets,,
Q107381466,SimpleITK,,
Q107381472,asdf,,
Q107381482,astropy,,
Q107381529,keepalive,,
Q107381540,twython,,
Q107381562,ZODB,,
Q107381573,sybil,,
Q107381582,Morfessor,,
Q107381585,pybind11,,
Q107381586,nmslib,,
Q107381589,annoy,,
Q107381590,patsy,,
Q107381599,PyQt5,,
Q107381604,meta,,
Q107381622,Paste,,
Q107381639,pycryptodomex,,
Q107381648,Faker,,
Q107381649,mongoengine,,
Q107381654,lightgbm,,
Q107381655,pyspark,,
Q107381656,hyperopt,,
Q107381670,torchvision,,
Q107381672,coremltools,,
Q107381683,wasabi,,
Q107381684,catalogue,,
Q107381687,pydantic,,
Q107381690,cmaes,,
Q107381694,cma,,
Q107381697,scikit-optimize,,
Q107381702,gunicorn,,
Q107381734,sklearn,,
Q107381736,ujson,,
Q107381739,jsonpickle,,
Q107381743,kubernetes,,
Q107381749,chainer,,
Q107381750,mpi4py,,
Q107381751,mxnet,,
Q107381753,xgboost,,
Q107381760,torchtext,,
Q107381771,configobj,,
Q107381778,dill,,
Q107381783,httplib2,,
Q107381812,needle,,
Q107381818,texttable,,
Q107381820,docker-compose,,
Q107381822,kafka-python,,
Q107381824,neo4j,,
Q107381870,inquirer,,
Q107382089,sh,,
Q107382094,skorch,,
Q107382097,opencv-python,,
Q107382098,imgaug,,
Q107382099,albumentations,,
Q107382133,pydicom,,
Q107382136,nibabel,,
Q107382137,onnx,,
Q107382139,catalyst,,
Q107382144,tokenizers,,
Q107382147,fire,,
Q107382158,langdetect,,
Q107382161,pydub,,
Q107382172,audioread,,
Q107382180,librosa,,
Q107382182,bs4,,
Q107382185,tensorflow-gpu,,
Q107382189,svn,,
Q107382197,APScheduler,,
Q107382198,dash,,
Q107382204,multiprocess,,
Q107382209,openpyxl,,
Q107382231,ipadic,,
Q107382235,wget,,
Q107382240,datasets,,
Q107382254,uvicorn,,
Q107382265,colour,,
Q107382266,infinity,,
Q107382281,wasmer,,
Q107382294,typer,,
Q107382298,transformers,,
Q107382299,lmdb,,
Q107382306,nbdev,,
Q107382307,fastcore,,
Q107382312,kornia,,
Q107382313,ninja,,
Q107382314,fastai,,
Q107382317,lap,,
Q107382334,optuna,,
Q107382347,thinc,,
Q107382367,lz4,,
Q107382368,ray,,
Q107382377,emoji,,
Q107382378,unicodecsv,,
Q107382379,editdistance,,
Q107382411,M2Crypto,,
Q107382424,maya,,
Q107382429,numexpr,,
Q107382437,pkgconfig,,
Q107382458,hist,,
Q107382460,uproot,,
Q107382461,mpld3,,
Q107382462,pycuda,,
Q107382463,scikit-cuda,,
Q107382469,ptemcee,,
Q107382483,regions,,
Q107382503,pyinstaller,,
Q107382736,xlrd,,
Q107382769,intervaltree,,
Q107382770,unicorn,,
Q107382780,jieba,,
Q107382801,google,,
Q107382835,fabric,,
Q107382906,suds,,
Q107382939,Cola,,
Q107382943,XlsxWriter,,
Q107382944,pdfminer,,
Q107382951,pyecharts,,
Q107382958,wordcloud,,
Q107382981,py2app,,
Q107383045,xlwt,,
Q107383111,boto,,
Q107383113,cycler,,
Q107383115,py4j,,
Q107383151,pycrypto,,
Q107383159,geopy,,
Q107383162,discord,,
Q107383182,pipenv,,
Q107383192,gorilla,,
Q107383220,green,,
Q107383232,geoip2,,
Q107383241,pyproj,,
Q107383247,holidays,,
Q107383253,scp,,
Q107383255,pika,,
Q107383256,s3cmd,,
Q107383280,pathlib,,
Q107383319,jellyfish,,
Q107383321,shap,,
Q107383322,tld,,
Q107383347,pystan,,
Q107383351,imbalanced-learn,,
Q107383408,fbprophet,,
Q107383440,patch,,
Q107383461,flower,,
Q107383642,azure,,
Q107383647,pyglet,,
Q107383648,mysql-connector,,
Q107383654,langid,,
Q107383657,bitarray,,
Q107383660,asyncio,,
Q107383661,h2o,,
Q107383670,mkl,,
Q107383672,geopandas,,
Q107383678,googletrans,,
Q107383679,catboost,,
Q107383688,paho-mqtt,,
Q107383690,geojson,,
Q107383697,cairocffi,,
Q107383746,tables,,
Q107383793,scapy,,
Q107383807,googlemaps,,
Q107383842,haversine,,
Q107383870,tweepy,,
Q107383883,pmdarima,,
Q107383885,lime,,
Q107383886,hdbscan,,
Q107383942,funcy,,
Q107383963,pysha3,,
Q107383988,web3,,
Q107384012,eli5,,
Q107384017,opencv-contrib-python,,
Q107384030,textblob,,
Q107384054,utm,,
Q107384059,slicer,,
Q107384069,mitmproxy,,
Q107384079,cvxopt,,
Q107384086,geocoder,,
Q107384087,pdfkit,,
Q107384093,gcloud,,
Q107384096,imblearn,,
Q107384111,kafka,,
Q107384148,fs,,
Q107384164,gql,,
Q107384173,fastdtw,,
Q107384189,conan,,
Q107384191,grequests,,
Q107384192,launcher,,
Q107384214,cufflinks,,
Q107384221,pyshp,,
Q107384231,pyusb,,
Q107384240,missingno,,
Q107384243,pandas-profiling,,
Q107384267,tsfresh,,
Q107384304,flex,,
Q107384317,datasketch,,
Q107384318,webapp2,,
Q107384331,kaggle,,
Q107384344,mlxtend,,
Q107384346,imutils,,
Q107384350,selinux,,
Q107384355,records,,
Q107384373,molecule,,
Q107384385,python-pptx,,
Q107384395,gdata,,
Q107384420,astral,,
Q107384439,oauth2,,
Q107384455,comtypes,,
Q107384506,zmq,,
Q107384519,pdf2image,,
Q107384527,install,,
Q107384538,pyahocorasick,,
Q107384561,progress,,
Q107384564,zeroconf,,
Q107384569,ggplot,,
Q107384589,fasttext,,
Q107384605,umap-learn,,
Q107384606,biopython,,
Q107384634,streamlit,,
Q107384640,osqp,,
Q107384642,public,,
Q107384653,rpy2,,
Q107384655,lifelines,,
Q107384660,utils,,
Q107384668,fastcluster,,
Q107384669,hmmlearn,,
Q107384673,cvxpy,,
Q107384682,arviz,,
Q107384698,prospector,,
Q107384707,pysam,,
Q107384711,httpie,,
Q107384719,enum,,
Q107384730,implicit,,
Q107384739,plotnine,,
Q107384748,av,,
Q107384755,textdistance,,
Q107384778,DataProperty,,
Q107384804,hologram,,
Q107384832,twitter,,
Q107384838,us,,
Q107384845,flock,,
Q107385179,uszipcode,,
Q107385187,ffmpeg,,
Q107385193,config,,
Q107385201,pandoc,,
Q107385214,envs,,
Q107385227,python-twitter,,
Q107385241,ntplib,,
Q107385246,face,,
Q107385281,dbt,,
Q107385288,fido,,
Q107385297,dpkt,,
Q107385304,ngram,,
Q107385356,deap,,
Q107385360,SALib,,
Q107385371,pyshark,,
Q107385384,gender-guesser,,
Q107385429,websocket,,
Q107385462,clang,,
Q107385469,vtk,,
Q107385479,cpplint,,
Q107385490,py2neo,,
Q107385499,poster,,
Q107385512,colorcet,,
Q107385515,plink,,
Q107385529,iris,,
Q107385532,geoviews,,
Q107385547,ipyvolume,,
Q107385553,cmocean,,
Q107385555,panel,,
Q107385562,Cheetah,,
Q107385573,kappa,,
Q107385591,combo,,
Q107385592,python-louvain,,
Q107385601,lizard,,
Q107385631,bunch,,
Q107385643,pynput,,
Q107385655,image,,
Q107385677,jaconv,,
Q107385678,mysql,,
Q107385693,cursor,,
Q107385697,gsutil,,
Q107385706,pycld2,,
Q107385742,dlib,,
Q107385744,pyexcel,,
Q107385749,importlib,,
Q107385776,featuretools,,
Q107385787,python-barcode,,
Q107385817,docx,,
Q107385830,xatlas,,
Q107385835,trimesh,,
Q107385843,prov,,
Q107385862,kmodes,,
Q107385882,pyzbar,,
Q107385891,pytrends,,
Q107385895,svgwrite,,
Q107385903,nlp,,
Q107385949,lmfit,,
Q107385954,workflow,,
Q107385957,pecan,,
Q107385968,offspring,,
Q107385979,pager,,
Q107385980,anaconda,,
Q107385987,interval,,
Q107385990,breathe,,
Q107385996,xlutils,,
Q107386029,pykalman,,
Q107386030,shade,,
Q107386033,moment,,
Q107386054,pymodbus,,
Q107386062,binary,,
Q107386127,jq,,
Q107386129,python-igraph,,
Q107386142,aws,,
Q107386144,sounddevice,,
Q107386172,tempest,,
Q107386179,mixer,,
Q107386197,easygui,,
Q107386238,conda,,
Q107386241,cwltool,,
Q107386251,zstd,,
Q107386259,zxcvbn,,
Q107386260,tslearn,,
Q107386311,dedupe,,
Q107386319,gluoncv,,
Q107386380,matplotlib-venn,,
Q107386398,snorkel,,
Q107386403,pdftotext,,
Q107386423,sparse,,
Q107386425,dask-ml,,
Q107386430,rules,,
Q107386462,symspellpy,,
Q107386495,logger,,
Q107386506,parquet,,
Q107386507,ara,,
Q107386594,pyramid-arima,,
Q107386597,open3d,,
Q107386673,ariadne,,
Q107386691,mod-wsgi,,
Q107386694,http,,
Q107386724,pyclustering,,
Q107386725,html,,
Q107386726,pyftdi,,
Q107386773,scikit-multilearn,,
Q107386786,flair,,
Q107386790,mujoco-py,,
Q107386794,art,,
Q107386812,fuzzysearch,,
Q107386838,beagle,,
Q107386844,inotify,,
Q107386849,glog,,
Q107386858,tensor2tensor,,
Q107386864,torchsummary,,
Q107386881,pyqtgraph,,
Q107386897,mode,,
Q107386900,python-rocksdb,,
Q107386948,mercurial,,
Q107386959,crontab,,
Q107387003,pid,,
Q107387007,ase,,
Q107387030,pytorch,,
Q107387039,unrar,,
Q107387042,okta,,
Q107387095,apyori,,
Q107387098,arch,,
Q107387100,papa,,
Q107387101,circus,,
Q107387119,mws,,
Q107387121,skrebate,,
Q107387127,panda,,
Q107387134,colormath,,
Q107387136,surrogate,,
Q107387144,travis,,
Q107387164,smbus2,,
Q107387194,spyder,,
Q107387204,bcp,,
Q107387222,python-social-auth,,
Q107387224,sox,,
Q107387230,emcee,,
Q107387234,hunspell,,
Q107387246,mne,,
Q1092514,SQLAlchemy,,
Q109500237,,biomaRt,
Q112236343,,limma,
Q112281656,,CEMiTool,
Q112338735,,ggtree,
Q112338859,,treeio,
Q113018293,,DESeq2,
Q113018345,,,future
Q113047099,,MSstats,
Q113089866,scanpy,,
Q113089879,scvi-tools,,
Q113111334,,,BASiNET
Q113324612,,Rqc,
Q113334509,,affy,
Q113334510,,AffyRNADegradation,
Q113334588,,AllelicImbalance,
Q113334589,,ACE,
Q113334592,,AneuFinder,
Q113334593,,alpine,
Q113334595,,aroma.light,
Q113334596,,apeglm,
Q113334597,,anota2seq,
Q113334598,,AUCell,
Q113334599,,RcisTarget,
Q113334600,,ATACseqQC,
Q113334602,,atSNP,
Q113334603,,APAlyzer,
Q113334604,,animalcules,
Q113334606,,batchelor,
Q113334607,,BANDITS,
Q113334608,,BatchQC,
Q113334610,,beachmat,
Q113334612,,BgeeDB,
Q113334613,,BEclear,
Q113334614,,bigmelon,
Q113334615,,BitSeq,
Q113334616,,bnbc,
Q113334617,,BPRMeth,
Q113334618,,bioassayR,
Q113334620,,BiocWorkflowTools,
Q113334621,,CAGEr,
Q113334622,,bsseq,
Q113334623,,cBioPortalData,
Q113334624,,categoryCompare,
Q113334625,,CAGEfightR,
Q113334626,,Cardinal,
Q113334627,,bumphunter,
Q113334628,,ChIPComp,
Q113334629,,ChIPanalyser,
Q113334630,,CellTrails,
Q113334631,,ChAMP,
Q113334633,,CeTF,
Q113334634,,ChromSCape,
Q113334635,,cleanUpdTSeq,
Q113334636,,chromVAR,
Q113334638,,chromDraw,
Q113334639,,chromswitch,
Q113334640,,ChIPseeker,
Q113334642,,ChIPpeakAnno,
Q113334643,,ChIPseqR,
Q113334644,,cicero,
Q113334646,,cn.mops,
Q113334647,,fastseg,
Q113334648,,compEpiTools,
Q113334649,,methylPipe,
Q113334650,,CNVRanger,
Q113334651,,codelink,
Q113334652,,COCOA,
Q113334653,,CrispRVariants,
Q113334655,,cytomapper,
Q113334656,,customProDB,
Q113334657,,cydar,
Q113334659,,dada2,
Q113334664,,decontam,
Q113334665,,DART,
Q113334666,,dagLogo,
Q113334667,,DAMEfinder,
Q113334668,,debrowser,
Q113334669,,DaMiRseq,
Q113334671,,derfinder,
Q113334672,,Director,
Q113334673,,DiscoRhythm,
Q113334674,,diffuStats,
Q113334676,,destiny,
Q113334677,,DEXSeq,
Q113334678,,DEsingle,
Q113334679,,diffUTR,
Q113334680,,doppelgangR,
Q113334681,,dmrseq,
Q113334682,,DSS,
Q113334683,,DNAshapeR,
Q113334684,,DMRcaller,
Q113334685,,DOSE,
Q113334686,,DominoEffect,
Q113334687,,DRIMSeq,
Q113334688,,drawProteins,
Q113334689,,DropletUtils,
Q113334690,,edgeR,
Q113334691,,EGSEA,
Q113334692,,eisaR,
Q113334693,,dupRadar,
Q113334694,,EGAD,
Q113334695,,dyebias,
Q113334697,,EBImage,
Q113334698,,easyRNASeq,
Q113334700,,epiNEM,
Q113334701,,ELMER,
Q113334702,,ensembldb,
Q113334703,,EventPointer,
Q113334704,,epigenomix,
Q113334705,,EnrichmentBrowser,
Q113334706,,esATAC,
Q113334708,,FamAgg,
Q113334709,,FELLA,
Q113334710,,fgsea,
Q113334711,,FGNet,
Q113334712,,fishpond,
Q113334713,,flowAI,
Q113334714,,fCCAC,
Q113334715,,ffpe,
Q113334717,,gdsfmt,
Q113334718,,SNPRelate,
Q113334719,,GeneExpressionSignature,
Q113334722,,flowPloidy,
Q113334723,,GARS,
Q113334725,,FoldGO,
Q113334726,,geNetClassifier,
Q113334727,,GENIE3,
Q113334728,,GENESIS,
Q113334729,,GenomicInteractions,
Q113334730,,GenomicAlignments,
Q113334731,,GenomicFeatures,
Q113334732,,GenomicRanges,
Q113334733,,IRanges,
Q113334736,,genomation,
Q113334737,,GeneTonic,
Q113334741,,GOTHiC,
Q113334742,,girafe,
Q113334743,,glmGamPoi,
Q113334744,,GEOmetadb,
Q113334745,,GOSemSim,
Q113334748,,ggtreeExtra,
Q113334749,,Gviz,
Q113334750,,h5vc,
Q113334751,,GSVA,
Q113334752,,Harman,
Q113334753,,HiCBricks,
Q113334755,,GWASTools,
Q113334756,,GSEABenchmarkeR,
Q113334757,,gscreend,
Q113334758,,HiTC,
Q113334759,,IHW,
Q113334760,,HilbertVis,
Q113334765,,HiCcompare,
Q113334766,,HPAanalyze,
Q113334767,,illuminaio,
Q113334770,,ideal,
Q113334772,,iSEE,
Q113334773,,InTAD,
Q113334774,,IWTomics,
Q113334775,,IntEREst,
Q113334777,,IsoformSwitchAnalyzeR,
Q113334778,,INSPEcT,
Q113334779,,karyoploteR,
Q113334780,,LowMACA,
Q113334783,,Linnorm,
Q113334784,,lionessR,
Q113334785,,mCSEA,
Q113334786,,MAIT,
Q113334788,,massiR,
Q113334789,,made4,
Q113334790,,maftools,
Q113334793,,MeSHDbi,
Q113334794,,meshr,
Q113334795,,Melissa,
Q113334797,,meshes,
Q113334798,,Metab,
Q113334799,,metaCCA,
Q113334800,,MetaboSignal,
Q113334804,,methylGSA,
Q113334805,,MetaNeighbor,
Q113334806,,methimpute,
Q113334808,,MethylSeekR,
Q113334809,,metagenomeSeq,
Q113334816,,minfi,
Q113334817,,MiRaGE,
Q113334818,,MOFA2,
Q113334819,,MIMOSA,
Q113334820,,mfa,
Q113334821,,miRNAmeConverter,
Q113334822,,MLSeq,
Q113334823,,mitch,
Q113334824,,methylSig,
Q113334825,,msPurity,
Q113334826,,motifbreakR,
Q113334827,,mpra,
Q113334828,,motifStack,
Q113334829,,msa,
Q113334830,,MouseFM,
Q113334831,,multiMiR,
Q113334832,,multiHiCcompare,
Q113334833,,multiGSEA,
Q113334835,,multicrispr,
Q113334836,,mzR,
Q113334837,,MWASTools,
Q113334838,,muscle,
Q113334839,,NormqPCR,
Q113334840,,ReadqPCR,
Q113334842,,netSmooth,
Q113334843,,netDx,
Q113334844,,NBAMSeq,
Q113334845,,NormalyzerDE,
Q113334847,,OncoSimulR,
Q113334848,,npGSEA,
Q113334849,,onlineFDR,
Q113334850,,pathview,
Q113334852,,panelcn.mops,
Q113334853,,prebs,
Q113334854,,Pi,
Q113334856,,plgem,
Q113334858,,piano,
Q113334859,,pqsfinder,
Q113334860,,pipeComp,
Q113334862,,proActiv,
Q113334864,,PROPER,
Q113334865,,PureCN,
Q113334954,,oligo,
Q113334956,,OUTRIDER,
Q113334959,,OmnipathR,
Q113334960,,ORFik,
Q113334961,,PCAN,
Q113334962,,PAA,
Q113334963,,pathifier,
Q113334965,,pcaExplorer,
Q113334972,,philr,
Q113335249,,qPLEXanalyzer,
Q113335250,,pwrEWAS,
Q113335252,,QUBIC,
Q113335254,,RCAS,
Q113335255,,rain,
Q113335256,,RandomWalkRestartMH,
Q113335260,,Rbowtie,
Q113335263,,QuasR,
Q113335470,,PSEA,
Q113335471,,ReactomePA,
Q113335473,,rDGIdb,
Q113335474,,RCy3,
Q113335475,,Rdisop,
Q113335476,,Rcpi,
Q113335478,,ReportingTools,
Q113335479,,regionReport,
Q113335482,,regioneR,
Q113335484,,rgsepd,
Q113335485,,rfaRm,
Q113335486,,RnBeads,
Q113335487,,ROTS,
Q113335488,,RNAAgeCalc,
Q113335489,,RTN,
Q113335491,,Rtpca,
Q113335492,,Rsubread,
Q113335493,,RTNsurvival,
Q113335495,,SANTA,
Q113335496,,rtracklayer,
Q113335497,,SAIGEgds,
Q113335498,,runibic,
Q113335500,,SCAN.UPC,
Q113335501,,rTRM,
Q113335504,,scran,
Q113335505,,scMerge,
Q113335506,,scDblFinder,
Q113335507,,SeqArray,
Q113335508,,shinyMethyl,
Q113335509,,sesame,
Q113335510,,SeqSQC,
Q113335511,,signatureSearch,
Q113335512,,ShortRead,
Q113335513,,SGSeq,
Q113335514,,sigFeature,
Q113335515,,seqbias,
Q113335516,,sevenC,
Q113335517,,SingleR,
Q113335518,,signeR,
Q113335519,,singscore,
Q113335520,,SomaticSignatures,
Q113335521,,systemPipeR,
Q113335522,,SummarizedBenchmark,
Q113335523,,SWATH2stats,
Q113335524,,switchBox,
Q113335525,,splatter,
Q113335526,,SpectralTAD,
Q113335527,,TargetScore,
Q113335528,,TCGAbiolinks,
Q113335529,,TFEA.ChIP,
Q113335531,,tigre,
Q113335532,,TargetSearch,
Q113335534,,TADCompare,
Q113335535,,TFBSTools,
Q113335536,,TissueEnrich,
Q113335537,,topconfects,
Q113335538,,transcriptogramer,
Q113335541,,trackViewer,
Q113335543,,VariantAnnotation,
Q113335544,,tximeta,
Q113335545,,Uniquorn,
Q113335546,,tximport,
Q113335547,,variancePartition,
Q113335551,,ViSEAGO,
Q113335552,,wavClusteR,
Q113335554,,XDE,
Q113335555,,wateRmelon,
Q113335556,,yamss,
Q113336244,,geneplast,
Q113575503,vg,,
Q113580100,2to3,,
Q113580101,3to2,,
Q113587225,datasette,,
Q113995495,,,rgeos
Q1140252,pygame,,
Q114075922,,ABSSeq,
Q114075923,,ACME,
Q114075925,,affxparser,
Q114075926,,affycomp,
Q114075928,,affylmGUI,
Q114075929,,agilp,
Q114075930,,AgiMicroRna,
Q114075932,,altcdfenvs,
Q114075933,,AMARETTO,
Q114075935,,annmap,
Q114075936,,annotationTools,
Q114075938,,anota,
Q114075941,,antiProfiles,
Q114075942,,AnVIL,
Q114075944,,apComplex,
Q114075945,,apComplex,
Q114075947,,ArrayExpressHTS,
Q114075948,,ArrayExpressHTS,
Q114075949,,artMS,
Q114075950,,ASAFE,
Q114075951,,ASEB,
Q114075952,,ASpli,
Q114075953,,ASSET,
Q114075954,,ASSIGN,
Q114075956,,autonomics,
Q114075959,,BaalChIP,
Q114075960,,BaalChIP,
Q114075961,,BAC,
Q114075963,,bacon,
Q114075964,,bacon,
Q114075966,,ballgown,
Q114075969,,bamsignals,
Q114075973,,BASiCS,
Q114075976,,BBCAnalyzer,
Q114075977,,BCRANK,
Q114075978,,beadarray,
Q114075979,,beadarraySNP,
Q114075980,,BEAT,
Q114075983,,BGmix,
Q114075985,,bgx,
Q114075986,,bgx,
Q114075987,,BicARE,
Q114075988,,BicARE,
Q114075989,,bigPint,
Q114075990,,biobroom,
Q114075992,,biobroom,
Q114075993,,BiocFileCache,
Q114075994,,biocGraph,
Q114075998,,BiocParallel,
Q114075999,,BiocPkgTools,
Q114076000,,BiocSingular,
Q114076001,,BiocSingular,
Q114076002,,BiocStyle,
Q114076016,,biomformat,
Q114076101,,biomvRCNS,
Q114076102,,BioPlex,
Q114076103,,BioQC,
Q114076105,,biosigner,
Q114076107,,biovizBase,
Q114076108,,BiRewire,
Q114076109,,BiSeq,
Q114076113,,BLMA,
Q114076114,,BloodGen3Module,
Q114076122,,BridgeDbR,
Q114076124,,BubbleTree,
Q114076128,,BUS,
Q114076133,,CAMERA,
Q114076136,,CancerSubtypes,
Q114076137,,caOmicsV,
Q114076138,,CARNIVAL,
Q114076140,,casper,
Q114076141,,CausalR,
Q114076150,,ccrepe,
Q114076152,,celda,
Q114076156,,CellNOptR,
Q114076157,,cellscape,
Q114076159,,CellScore,
Q114076161,,CexoR,
Q114076163,,CFAssay,
Q114076167,,CGEN,
Q114076168,,CGHbase,
Q114076169,,cghMCR,
Q114076170,,ChemmineR,
Q114076173,,Chicago,
Q114076175,,ChIPexoQual,
Q114076176,,ChIPsim,
Q114076178,,ChIPXpress,
Q114076179,,ChromHeatMap,
Q114076180,,chromstaR,
Q114076183,,CINdex,
Q114076184,,circRNAprofiler,
Q114076185,,cisPath,
Q114076187,,ClassifyR,
Q114076188,,cleaver,
Q114076189,,clippda,
Q114076190,,clipper,
Q114076191,,Clomial,
Q114076193,,Clonality,
Q114076194,,CluMSID,
Q114076195,,clustComp,
Q114076196,,clusterExperiment,
Q114076197,,ClusterJudge,
Q114076199,,clusterProfiler,
Q114076200,,ClusterSignificance,
Q114076201,,clustifyr,
Q114076202,,CMA,
Q114076205,,CNAnorm,
Q114076206,,CNEr,
Q114076207,,CNORfeeder,
Q114076209,,CNORode,
Q114076210,,CNTools,
Q114076214,,CODEX,
Q114076215,,CoGAPS,
Q114076216,,cogena,
Q114076219,,COHCAP,
Q114076220,,cola,
Q114076221,,combi,
Q114076223,,coMET,
Q114076224,,COMPASS,
Q114076225,,compcodeR,
Q114076227,,ComplexHeatmap,
Q114076230,,CONFESS,
Q114076231,,consensus,
Q114076233,,contiBAIT,
Q114076234,,conumee,
Q114076236,,copynumber,
Q114076238,,CopywriteR,
Q114076239,,CoRegNet,
Q114076241,,Cormotif,
Q114076242,,cosmiq,
Q114076244,,COSNet,
Q114076246,,countsimQC,
Q114076247,,CoverageView,
Q114076248,,covRNA,
Q114076249,,cqn,
Q114076250,,CRImage,
Q114076252,,CRISPRseek,
Q114076255,,CSAR,
Q114076256,,csaw,
Q114076257,,CSSP,
Q114076259,,ctc,
Q114076260,,cTRAP,
Q114076261,,cycle,
Q114076263,,CytoGLMM,
Q114076268,,CytoTree,
Q114076269,,DAPAR,
Q114076274,,ddCt,
Q114076278,,decompTumor2Sig,
Q114076281,,DeconRNASeq,
Q114076282,,DeepBlueR,
Q114076284,,deepSNV,
Q114076286,,DEFormats,
Q114076287,,DegNorm,
Q114076288,,DEGraph,
Q114076290,,DEGreport,
Q114076291,,DEGseq,
Q114076292,,DelayedMatrixStats,
Q114076298,,DeMixT,
Q114076299,,DEP,
Q114076301,,DepecheR,
Q114076305,,derfinderPlot,
Q114076306,,DEScan2,
Q114076307,,DEsubs,
Q114076309,,DiffBind,
Q114076310,,diffcoexp,
Q114076312,,diffHic,
Q114076313,,DiffLogo,
Q114076314,,diffloop,
Q114076315,,Dino,
Q114076318,,DirichletMultinomial,
Q114076321,,dks,
Q114076324,,DMRforPairs,
Q114076325,,dpeak,
Q114076345,,dStruct,
Q114076346,,DTA,
Q114076348,,easyreporting,
Q114076351,,EDASeq,
Q114076352,,edge,
Q114076356,,EmpiricalBrownsMethod,
Q114076358,,EnhancedVolcano,
Q114076361,,ENmix,
Q114076363,,EnrichedHeatmap,
Q114076364,,enrichplot,
Q114076368,,epihet,
Q114076370,,epivizr,
Q114076371,,epivizrChart,
Q114076376,,erccdashboard,
Q114076378,,eudysbiome,
Q114076379,,exomeCopy,
Q114076380,,exomePeak2,
Q114076381,,ExploreModelMatrix,
Q114076383,,ExpressionAtlas,
Q114076385,,fabia,
Q114076389,,farms,
Q114076390,,fastLiquidAssociation,
Q114076392,,FCBF,
Q114076396,,fcScan,
Q114076397,,flagme,
Q114076402,,flowcatchR,
Q114076403,,flowClean,
Q114076406,,flowClust,
Q114076411,,flowMatch,
Q114076412,,flowMeans,
Q114076413,,flowMerge,
Q114076414,,flowPeaks,
Q114076417,,FlowSOM,
Q114076419,,flowStats,
Q114076421,,flowTrans,
Q114076422,,flowUtils,
Q114076423,,flowVS,
Q114076424,,fmcsR,
Q114076426,,fmrs,
Q114076427,,FRASER,
Q114076430,,FRGEpistasis,
Q114076433,,gaga,
Q114076434,,gage,
Q114076442,,gCrisprTools,
Q114076443,,gcrma,
Q114076448,,GDCRNATools,
Q114076450,,genbankr,
Q114076452,,geneAttribution,
Q114076453,,genefu,
Q114076456,,GeneRegionScan,
Q114076457,,GeneSelectMMD,
Q114076460,,genoCN,
Q114076461,,genomeIntervals,
Q114076464,,GenomicDataCommons,
Q114076465,,GenomicDistributions,
Q114076468,,GenomicScores,
Q114076470,,genphen,
Q114076473,,GenVisR,
Q114076475,,GEOquery,
Q114076477,,gespeR,
Q114076479,,ggbio,
Q114076481,,ggmsa,
Q114076485,,ggtree,
Q114076486,,GISPA,
Q114076489,,GLAD,
Q114076491,,glmSparseNet,
Q114076493,,GlobalAncova,
Q114076496,,globaltest,
Q114076498,,gmapR,
Q114076500,,GmicR,
Q114076501,,GNET2,
Q114076502,,GOexpress,
Q114076505,,goseq,
Q114076507,,GOSim,
Q114076508,,GOsummaries,
Q114076509,,GPA,
Q114076510,,gpart,
Q114076514,,graper,
Q114076517,,GraphPAC,
Q114076518,,GRENITS,
Q114076520,,GreyListChIP,
Q114076521,,GRmetrics,
Q114076522,,GRridge,
Q114076523,,GSAR,
Q114076525,,GSCA,
Q114076531,,GSReg,
Q114076534,,gtrellis,
Q114076536,,GUIDEseq,
Q114076539,,Guitar,
Q114076544,,HDTD,
Q114076546,,Heatplus,
Q114076548,,HEM,
Q114076550,,HIBAG,
Q114076552,,HilbertCurve,
Q114076553,,HiLDA,
Q114076554,,HIPPO,
Q114076556,,HMMcopy,
Q114076557,,hopach,
Q114076559,,hpar,
Q114076560,,HTqPCR,
Q114076561,,HybridMTest,
Q114076563,,hypeR,
Q114076564,,iASeq,
Q114076565,,iasva,
Q114076567,,iBBiG,
Q114076569,,icetea,
Q114076570,,iCheck,
Q114076572,,iChip,
Q114076573,,iClusterPlus,
Q114076574,,iCNV,
Q114076576,,iCOBRA,
Q114076577,,IdeoViz,
Q114076579,,iGC,
Q114076583,,impute,
Q114076589,,intansv,
Q114076593,,InteractionSet,
Q114076597,,inveRsion,
Q114076598,,iPAC,
Q114076602,,iSeq,
Q114076604,,isobar,
Q114076607,,isomiRs,
Q114076608,,iterativeBMA,
Q114076610,,iterativeBMAsurv,
Q114076612,,KEGGgraph,
Q114076613,,kissDE,
Q114076616,,LEA,
Q114076619,,limmaGUI,
Q114076620,,LineagePulse,
Q114076622,,lipidr,
Q114076626,,lmdme,
Q114076628,,LOBSTAHS,
Q114076629,,loci2path,
Q114076631,,logicFS,
Q114076632,,LOLA,
Q114076634,,LPE,
Q114076635,,lpNet,
Q114076640,,LymphoSeq,
Q114076642,,M3Drop,
Q114076651,,maigesPack,
Q114076653,,MANOR,
Q114076658,,maSigPro,
Q114076660,,maskBAD,
Q114076661,,MassSpecWavelet,
Q114076662,,MAST,
Q114076670,,mbkmeans,
Q114076673,,mdp,
Q114076677,,MEAT,
Q114076678,,MEB,
Q114076680,,MEDIPS,
Q114076681,,MEDME,
Q114076683,,megadepth,
Q114076684,,MEIGOR,
Q114076685,,memes,
Q114076687,,Mergeomics,
Q114076691,,MetaCyto,
Q114076697,,metaMS,
Q114076703,,metaseqR2,
Q114076704,,metavizr,
Q114076705,,MetaVolcanoR,
Q114076706,,MetCirc,
Q114076708,,MethPed,
Q114076711,,methylKit,
Q114076712,,MethylMix,
Q114076713,,methylMnM,
Q114076715,,methylumi,
Q114076716,,MetNet,
Q114076718,,Mfuzz,
Q114076720,,mgsa,
Q114076722,,microbiome,
Q114076732,,microbiomeMarker,
Q114076739,,MinimumDistance,
Q114076742,,MIRA,
Q114076744,,miRBaseConverter,
Q114076747,,miRLAB,
Q114076748,,miRSM,
Q114076750,,miRspongeR,
Q114076753,,missMethyl,
Q114076762,,MMUPHin,
Q114076767,,MODA,
Q114076774,,monocle,
Q114076784,,motifcounter,
Q114076787,,motifmatchr,
Q114076791,,MPFE,
Q114076793,,MPRAnalyze,
Q114076803,,msgbsR,
Q114076807,,msmsEDA,
Q114076810,,MSnbase,
Q114076813,,MSPrep,
Q114076817,,MSstatsQC,
Q114076828,,MSstatsTMT,
Q114076831,,Mulcom,
Q114076833,,MultiAssayExperiment,
Q114076835,,multiClust,
Q114076837,,MultiMed,
Q114076842,,multiscan,
Q114076844,,multtest,
Q114076855,,mzID,
Q114076860,,NanoStringDiff,
Q114076866,,NCIgraph,
Q114076871,,Nebulosa,
Q114076876,,NetPathMiner,
Q114076884,,NetSAM,
Q114076887,,networkBMA,
Q114076894,,NOISeq,
Q114076898,,NPARC,
Q114076900,,NTW,
Q114076905,,NuPoP,
Q114076910,,OCplus,
Q114076912,,ODER,
Q114076917,,oligoClasses,
Q114076920,,OLIN,
Q114076922,,OLINgui,
Q114076924,,OmaDB,
Q114076926,,OmicCircos,
Q114076928,,omicplotR,
Q114076931,,OMICsPCA,
Q114076933,,oncomix,
Q114076935,,oposSOM,
Q114076941,,optimalFlow,
Q114076956,,paircompviz,
Q114076964,,PathNet,
Q114076966,,pathwayPCA,
Q114076969,,paxtoolsr,
Q114076971,,pcaMethods,
Q114076974,,PCAtools,
Q114076976,,pcxn,
Q114076981,,pdInfoBuilder,
Q114076988,,PECA,
Q114076995,,pepXMLTab,
Q114076997,,periodicDNA,
Q114077003,,PharmacoGx,
Q114077008,,phyloseq,
Q114077011,,Pigengene,
Q114077014,,planet,
Q114077016,,plier,
Q114077019,,plyranges,
Q114077020,,polyester,
Q114077022,,POMA,
Q114077024,,powerTCR,
Q114077037,,PREDA,
Q114077038,,PrInCE,
Q114077041,,PROcess,
Q114077048,,projectR,
Q114077050,,pRoloc,
Q114077053,,pRolocGUI,
Q114077054,,Prostar,
Q114077056,,proteinProfiles,
Q114077064,,psichomics,
Q114077069,,psygenet2r,
Q114077075,,puma,
Q114077078,,pvac,
Q114077081,,pvca,
Q114077083,,PWMEnrich,
Q114077088,,qcmetrics,
Q114077089,,QDNAseq,
Q114077094,,qpcrNorm,
Q114077098,,qpgraph,
Q114077100,,qrqc,
Q114077102,,Qtlizer,
Q114077107,,quantro,
Q114077109,,quantsmooth,
Q114077112,,QuartPAC,
Q114077114,,qusage,
Q114077117,,qvalue,
Q114077119,,R3CPET,
Q114077122,,r3Cseq,
Q114077126,,R453Plus1Toolbox,
Q114077128,,R4RNA,
Q114077131,,RaggedExperiment,
Q114077133,,rama,
Q114077138,,randPack,
Q114077143,,RareVariantVis,
Q114077150,,RBM,
Q114077153,,Rcade,
Q114077158,,rcellminer,
Q114077160,,rCGH,
Q114077162,,RCM,
Q114077175,,ReactomeGSA,
Q114077180,,receptLoss,
Q114077185,,recount3,
Q114077187,,recoup,
Q114077189,,RedeR,
Q114077192,,REDseq,
Q114077194,,RegEnrich,
Q114077199,,REMP,
Q114077202,,Repitools,
Q114077210,,rfPred,
Q114077213,,rGADEM,
Q114077220,,Rgraphviz,
Q114077222,,rGREAT,
Q114077224,,rhdf5client,
Q114077233,,ribosomeProfilingQC,
Q114077238,,RImmPort,
Q114077242,,RIPAT,
Q114077244,,Risa,
Q114077249,,RLMM,
Q114077254,,rnaseqcomp,
Q114077256,,roar,
Q114077260,,rols,
Q114077262,,ropls,
Q114077264,,RPA,
Q114077267,,RpsiXML,
Q114077269,,rpx,
Q114077274,,rRDP,
Q114077276,,RRHO,
Q114077278,,rrvgo,
Q114077280,,rsbml,
Q114077291,,RTCA,
Q114077293,,RTopper,
Q114077299,,RUVcorr,
Q114077302,,RUVnormalize,
Q114077327,,rWikiPathways,
Q114077329,,safe,
Q114077330,,sagenhaft,
Q114077331,,SamSPECTRAL,
Q114077332,,sangerseqR,
Q114077335,,SBMLR,
Q114077336,,SC3,
Q114077348,,SCBN,
Q114077351,,scDataviz,
Q114077353,,scDD,
Q114077354,,scde,
Q114077357,,scds,
Q114077358,,SCFA,
Q114077361,,scGPS,
Q114077366,,scMAGeCK,
Q114077367,,scmap,
Q114077368,,SCnorm,
Q114077370,,scone,
Q114077371,,scp,
Q114077373,,scPipe,
Q114077375,,scruff,
Q114077376,,scry,
Q114077378,,scTensor,
Q114077381,,scTHI,
Q114077384,,SDAMS,
Q114077389,,SEPIRA,
Q114077395,,SeqGSEA,
Q114077397,,seqLogo,
Q114077398,,seqPattern,
Q114077400,,seqsetvis,
Q114077401,,seqTools,
Q114077402,,SeqVarTools,
Q114077408,,SIAMCAT,
Q114077410,,SigCheck,
Q114077412,,SigFuge,
Q114077413,,siggenes,
Q114077414,,sights,
Q114077416,,SimBindProfiles,
Q114077418,,SIMD,
Q114077419,,similaRpeak,
Q114077420,,simplifyEnrichment,
Q114077422,,sincell,
Q114077425,,SingleCellExperiment,
Q114077427,,SingleCellSignalR,
Q114077428,,singleCellTK,
Q114077429,,SISPA,
Q114077431,,sizepower,
Q114077433,,slalom,
Q114077434,,slingshot,
Q114077435,,SLqPCR,
Q114077437,,SMAD,
Q114077438,,SMAP,
Q114077440,,SNAGEE,
Q114077441,,snapCGH,
Q114077444,,snm,
Q114077448,,SNPhood,
Q114077449,,snpStats,
Q114077451,,SpacePAC,
Q114077462,,specL,
Q114077463,,SPEM,
Q114077466,,SpidermiR,
Q114077471,,spkTools,
Q114077474,,splineTimeR,
Q114077476,,SPLINTER,
Q114077477,,SPONGE,
Q114077480,,sRACIPE,
Q114077481,,SRAdb,
Q114077483,,sscore,
Q114077485,,ssize,
Q114077488,,ssviz,
Q114077490,,stageR,
Q114077496,,StarBioTrek,
Q114077497,,STATegRa,
Q114077498,,statTarget,
Q114077502,,Streamer,
Q114077504,,STRINGdb,
Q114077506,,StructuralVariantAnnotation,
Q114077507,,SubCellBarCode,
Q114077510,,supraHex,
Q114077511,,survcomp,
Q114077514,,sva,
Q114077517,,swfdr,
Q114077518,,synergyfinder,
Q114077524,,TCC,
Q114077526,,TEQC,
Q114077530,,TFutils,
Q114077532,,tidybulk,
Q114077537,,tilingArray,
Q114077539,,timecourse,
Q114077540,,timescape,
Q114077544,,TitanCNA,
Q114077546,,tkWidgets,
Q114077549,,TnT,
Q114077551,,TOAST,
Q114077555,,TPP,
Q114077558,,tRanslatome,
Q114077562,,Travel,
Q114077565,,treeio,
Q114077566,,TreeSummarizedExperiment,
Q114077568,,Trendy,
Q114077572,,trio,
Q114077574,,TSCAN,
Q114077576,,tspair,
Q114077583,,tweeDEseq,
Q114077585,,twilight,
Q114077586,,twoddpcr,
Q114077594,,VanillaICE,
Q114077597,,VariantFiltering,
Q114077599,,VariantTools,
Q114077602,,VegaMC,
Q114077605,,VennDetail,
Q114077610,,widgetTools,
Q114077612,,wiggleplotr,
Q114077614,,Wrench,
Q114077616,,xcms,
Q114077622,,xmapbridge,
Q114077624,,YAPSA,
Q114077629,,zFPKM,
Q114077631,,zinbwave,
Q1514769,PyGTK,,
Q15967387,pandas,,
Q1633731,Sphinx,,
Q1635410,nltk,,
Q17146476,plotly,,plotly
Q18326509,rdiff-backup,,
Q197492,scipy,,
Q197520,numpy,,
Q19776339,ConceptNet,,
Q2049263,Panda3D,,
Q2110792,py2exe,,
Q21447895,tensorflow,,
Q2169298,roundup,,
Q22442795,scikit-image,,
Q22661317,requests,,
Q2342759,pyramid,,
Q25304899,statsmodels,,
Q2659957,ipython,,
Q28406945,spacy,,
Q284522,wxPython,,
Q286180,web2py,,
Q28716391,diamond,,
Q28842007,regex,,
Q289281,Flask,,
Q28941607,aiohttp,,
Q28957048,pymc3,,
Q28957051,,,qdap
Q28975259,nose,,
Q28975326,pelican,,
Q28975377,pytest,,
Q28975521,tqdm,,
Q2985103,PIL,,
Q2985668,matplotlib,,
Q326489,,,ggplot2
Q3411159,pyserial,,
Q368367,Scrapy,,
Q4041851,Jinja2,,
Q42293887,polyglot,,
Q47509047,torch,,
Q47523056,gevent,,
Q4798127,,,knitr
Q50560420,awscli,,
Q5533567,gensim,,
Q59154648,,,rdflib
Q5971368,sympy,,
Q62858218,Pmw,,
Q63968418,ligo.skymap,,
Q65065147,dask,,
Q6541095,pip,,
Q65530318,luigi,,
Q6796641,mayavi,,
Q7000696,networkx,,
Q7276224,rdflib,,
Q7314104,reportlab,,
Q7433738,ScientificPython,,
Q765385,Trac,,
Q772889,pylint,,
Q7777252,Theano,,
Q78617906,coverage,,
Q842014,Django,,
Q85699649,,,Seurat
Q87915909,stem,,
Q92439090,imageio,,
Q95716584,seaborn,,
Q96470799,pybel,,
Q969382,Twisted,,
Q97126903,kraken,,
Q97351824,Pygments,,
Q975594,Cython,,
Q98974089,,,BAS
