qid,title
Q39838183,Interaction of abscisic acid &amp; indole acetic acid on transcription
Q39864361,Consultants &amp; long-range planning--planning groups fight for members; AHA joins fray
Q39863760,Effect of apholate (NSC 26812; ENT 26316) on the nucleic acids &amp; protein content in the spleen of male albino rats
Q39927725,Effect of Triiodothyronine or Iodide on the Thyroidal Secretion &lt;I&gt;In Vitro&lt;/I&gt;: Inhibition of TSH-and Dibutyryl-Cyclic-AMP Induced Endocytosis
Q39904282,"The Sensitivity of &lt;i&gt;Staphylococcus aureus&lt;/i&gt; 79 and 80, and &lt;i&gt;Escherichia coli&lt;/i&gt; 95 to Sodium Salicylate, Nicotinaldehyde Singly, and in Combination with Nicotinic Acid or Nicotinamide"
Q40114066,Development of Systemic Lupus Erythematosus Following Interferon-&alpha; Therapy for Hepatitis C Infection.
Q40846188,"Polyphenolic Composition and Evaluation of Antioxidant Activity, Osmotic Fragility and Cytotoxic Effects of Raphiodon echinus (Nees &amp; Mart.) Schauer"
Q42019463,"The ionotropic &gamma;-aminobutyric acid receptor gene family of the silkworm, Bombyx mori."
Q42293894,A new species of Neopronematus and a re-description of Pronematus rykei Meyer &amp; Rodrigues (Acari: Iolinidae) from Iran.
Q42293980,"First finding of the shrimp genus Harperalpheus Felder &amp; Anker, 2007 in the eastern Pacific, with description of a new species from Bahía Málaga, Colombia (Malacostraca: Decapoda: Alpheidae)."
Q42295444,"New records of deep-sea shrimps of family Solenoceridae Wood-Mason &amp; Alcock, 1891 (Crustacea: Decapoda: Dendrobranchiata) from Southwestern Atlantic."
Q42293969,"Two new species of the genus Leeonychiurus Sun &amp; Arbea, 2014 (Collembola: Onychiuridae) from Korea."
Q42661916,"Preparation, Molecular and Electronic Structures, and Magnetic Properties of Face-Sharing Bioctahedral Titanium(III) Compounds: [PPh(4)][Ti(2)(&mgr;-Cl)(3)Cl(4)(PR(3))(2)]."
Q42681393,"Characterization of &omega;-secalin genes from rye, triticale, and a wheat 1BL/1RS translocation line."
Q46055145,"Profile of Tuberculosis among Foreign-born Asians Residing in Los Angeles County, California, 1985&shy;1994."
Q46239496,"Validation of Tethya samaaii Ribeiro &amp; Muricy, 2011, replacement name for the sponge Tethya rubra Samaai &amp; Gibbons, 2005 (Demospongiae, Tethyida, Tethyidae)."
Q46429784,Dinuclear and Hexanuclear Iron(III) Oxide Complexes with a Bis(bipyridine) Ligand: A New [Fe(6)(&mgr;(3)-O)(4)](10+) Core.
Q46441569,"Erratum: GIULIA FURFARO, BERNARD PICTON, ALEXANDER MARTYNOV &amp; PAOLO MARIOTTINI (2016) Diaphorodoris alba Portmann &amp; Sandmeier, 1960 is a valid species: molecular and morphological comparison with D. luteocincta (M. Sars,"
Q48175664,"A Single Medicine for a Disease: Simple Formula of Treasured Mirror of Eastern Medicine, It&apos;s Compilation and Succession."
Q48474300,"In response to: time to re-think the Zurich Guidelines? A critique on the consensus statement on concussion in Sport&colon; the 4th International Conference on Concussion in Sport, held in Zurich, November 2012."
Q52545405,"In response to: time to re-think the Zurich Guidelines? A critique on the consensus statement on concussion in Sport&colon; the 4th International Conference on Concussion in Sport, held in Zurich, November 2012."
Q50104747,Rural&ndash;urban differences in exposure to adverse childhood experiences among South Carolina adults.
Q51617986,Construction of a Coix BAC library and isolation of the 22 kDa &alpha;-coixin gene cluster.
Q54153190,Cooling Effectiveness of South Fa&ccedil;ade Passive Stacks in a Naturally Ventilated Office Building
Q54556267,"JULIANA MOURÃO DOS SANTOS RODRIGUES, FELIPE FERRAZ FIGUEIREDO MOREIRA, ISABELLE DA ROCHA SILVA CORDEIRO, MAGALY DOLSAN DE ALMEIDA &amp; JOSÉ JURBERG (2015) List of the type-specimens of Reduviidae (Hemiptera: Heteroptera) in the Triatomines Collect"
Q54633011,Collagen-induced expression of collagenase-3 by primary chondrocytes is mediated by integrin &alpha;1 and discoidin domain receptor 2: a protein kinase C-dependent pathway.
Q54691268,"DAVID RAMILO, CLAIRE GARROS, BRUNO MATHIEU, CHRISTOPHE BENEDET, XAVIER ALLÈNE, ELISABETE SILVA, GRAÇA ALEXANDRE-PIRES, ISABEL PEREIRA DA FONSECA, SIMON CARPENTER, JANA RÁDROVÁ &amp; JEAN-CLAUDE DELÉCOLLE (2013) Description of Culicoides paradoxa"
Q54670126,"Kozar, F., Gounari, S., Hodgson, C.J., Fetyk, K. &amp; Goras, G. (2012) A new species of Physokermes Targioni Tozzetti (Hemiptera: Coccoidea: Coccidae) from Greece. Zootaxa , 3566, 23–38."
Q54749491,"CELIA K. C. CHURCHILL, EMILY A. ELLIS, ALANNAH E. PIQUE &amp; TODD H. OAKLEY (2014) Two new sympatric species of Eusarsiella (Ostracoda: Myodocopida: Sarsiellidae) from the Florida Keys with a morphological phylogeny of Sarsiellinae. Zootaxa , 3802 ("
Q54800943,"MARCELO PINHEIRO ORSINI, MARIA KÁTIA MATIOTTI DA COSTA, NEUCIR SZINWELSKI, LUCIANO DE PINHO MARTINS, ROBSON CREPES CORRÊA, VITOR FALCHI TIMM &amp; EDISON ZEFA (2017) A new species of Miogryllus Saussure, 1877 and new record of Miogryllus piracicabe"
Q54787696,"New record and distribution extension of the rare Atlantic Forest endemic Abrawayaomys ruschii Cunha &amp; Cruz, 1979 (Rodentia, Sigmodontinae)"
Q54800816,"Unveiling the geographic distribution of Boana pugnax (Schmidt,&nbsp;1857) (Anura, Hylidae) in Venezuela: new state records, range&nbsp;extension, and potential distribution"
Q55877943,"Kim Takes Control: The &quot;Great Purge&quot; in North Korea, 1956-1960"
Q56048362,"&quot;The Foundation of All Future Researches&quot;: Franz Boas, Native American Texts, and the Construction of Modernity"
Q56035629,Characterization of the Microbial Community and Culturable Denitrifying Bacteria in a Solid-phase Denitrification Process Using Poly(&epsilon;-caprolactone) as the Carbon and Energy Source
Q55982415,"Frances Fitzgerald . Way Out There in the Blue: Reagan, Star Wars and the End of the Cold War . New York: Simon &amp; Schuster. 2000. Pp. 592. $30.00"
Q56001316,"Literary Text, Cinematic &quot;Edition&quot;: Adaptation, Textual Authority, and the Filming of Tropic of Cancer"
Q55980162,On the &quot;Simplicity&quot; of Sandra Cisneros's House on Mango Street
Q56082848,&quot;Destructive Force&quot;: Aiko Herzig-Yoshinaga's Gendered Labor in the Japanese American Redress Movement
Q56092132,A Definitive Identification of Tolkien's &quot;Borgil&quot;: An Astronomical and Literary Approach
Q56078634,Fabrication of large diameter external-diffusion processed Nb&lt;inf&gt;3&lt;/inf&gt;Sn composites
Q56067136,"The Programmatic Message of the &quot;Kings and Singers&quot; Passage: Hesiod, Theogony 80-103"
Q56228770,The &quot;Hardy Brats&quot; and Their Foolhardy Creator
Q56228742,Who Is the &quot;Mother of Exiles&quot;? An Inquiry into Jewish Aspects of Emma Lazarus's &quot;The New Colossus&quot;
Q56458307,HESS Opinions: Science in today's media landscape &ndash; challenges and lessons from hydrologists and journalists
Q56535739,Communication matters &ndash; network constellations in entrepreneurship
Q56578163,Resolving vorticity-driven lateral fire spread using the WRF-Fire coupled atmosphere&ndash;fire numerical model
Q56621734,Some integrals involving the&lt;tex&gt;Q_M&lt;/tex&gt;function (Corresp.)
Q56748462,A new method for atmospheric detection of the CH&lt;sub&gt;3&lt;/sub&gt;O&lt;sub&gt;2&lt;/sub&gt; radical
Q56748999,A new method for atmospheric detection of the CH&lt;sub&gt;3&lt;/sub&gt;O&lt;sub&gt;2&lt;/sub&gt; radical
Q56748367,An intercomparison of HO&lt;sub&gt;2&lt;/sub&gt; measurements by fluorescence assay by gas expansion and cavity ring-down spectroscopy within HIRAC (Highly Instrumented Reactor for Atmospheric Chemistry)
Q56873758,"Reactivity of [{Mn(IV)(salpn)}(2)(&mgr;-O,&mgr;-OCH(3))](+) and [{Mn(IV)(salpn)}(2)(&mgr;-O,&mgr;-OH)](+): Effects of Proton Lability and Hydrogen Bonding"
Q56992807,"Development of Myxobolus portucalensis Saraiva & Moln&aacute;r, 1990 (Myxosporea: Myxobolidae) in the oligochaete Tubifex tubifex (Müller)"
Q56991014,DO&lt;sub&gt;3&lt;/sub&gt;SE modelling of soil moisture to determine ozone flux to forest trees
Q56992580,Matrix metalloproteinase-2 and -9 secretion by the human JAR choriocarcinoma cell line is stimulated by TNF-&lt;i&gt;α&lt;/i&gt;
Q19228024,О внесении изменения в Указ Президента Российской Федерации от 11 июля 2004 г. №&nbsp;865 «Вопросы Министерства иностранных дел Российской Федерации»
Q21715934,&quot;Portrait of Count Alexey Arakcheyev&quot;
Q21722625,&quot;Portrait of Princess D.Gorchakova&quot;
Q21722869,&quot;Portrait of Field-Marshal Mikhail Kutuzov&quot;
Q21724062,&quot;Portrait of E.A. Lieven&quot;
Q21725234,&quot;Portrait of A.P. Mailevskaya with Her Daughter&quot;
Q21725662,&quot;Portrait of an Unknown Man from the Ogariov Family&quot; (Platon Bogdanovich Ogariov? )
Q21727614,&quot;Portrait of an Unknown Woman&quot;
Q21727691,&quot;Portrait of the Artist E.Lipgart&quot;
Q21727859,&quot;Portrait of an Unknown Woman&quot;
Q21730890,&quot;Portrait of Grand Duke Alexander Pavlovich&quot;
Q21716762,Decorative Panel ''Trophies and Cupids&quot;
Q21725132,Scene &quot;The Adoration of the Shepherds&quot; Framed with a Garland of Flowers
Q57046553,Coupling δ&lt;sup&gt;2&lt;/sup&gt;H and δ&lt;sup&gt;18&lt;/sup&gt;O biomarker results yields information on relative humidity and isotopic composition of precipitation &ndash; a climate transect validation study
Q57199468,A new instrument for stable isotope measurements of &lt;sup&gt;13&lt;/sup&gt;C and &lt;sup&gt;18&lt;/sup&gt;O in CO&lt;sub&gt;2&lt;/sub&gt; – instrument performance and ecological application of the Delta Ray IRIS analyzer
Q57204256,Co-Inoculation of Soybean with &lt;i&gt;Bradyrhizobium&lt;/i&gt; and &lt;i&gt;Azospirillum&lt;/i&gt; Promotes Early Nodulation
Q57251016,"Daytime HONO, NO&lt;sub&gt;2&lt;/sub&gt; and aerosol distributions from MAX-DOAS observations in Melbourne"
Q57251019,"Daytime HONO, NO&lt;sub&gt;2&lt;/sub&gt; and aerosol distributions from MAX-DOAS observations in Melbourne"
Q57242193,Inferences from CO&lt;sub&gt;2&lt;/sub&gt; and CH&lt;sub&gt;4&lt;/sub&gt; concentration profiles at the Zotino Tall Tower Observatory (ZOTTO) on regional summertime ecosystem fluxes
Q57256939,New estimates of direct N&lt;sub&gt;2&lt;/sub&gt;O emissions from Chinese croplands from 1980 to 2007 using localized emission factors
Q57262816,Response of &delta;&lt;sup&gt;13&lt;/sup&gt;C in plant and soil respiration to a water pulse
Q57275467,"Redescription of &lt;i&gt;Digalodon rubidgei&lt;/i&gt;, an emydopoid dicynodont (Therapsida, Anomodontia) from the Late Permian of South Africa"
Q57411829,"Influence of groundwater on distribution of dwarf wedgemussels (&lt;i&gt;Alasmidonta heterodon&lt;/i&gt;) in the upper reaches of the Delaware River, northeastern USA"
Q57372782,The empirical relationship between satellite-derived tropospheric NO&lt;sub&gt;2&lt;/sub&gt; and fire radiative power and possible implications for fire emission rates of NO&lt;sub&gt;x&lt;/sub&gt;
Q57445204,OMI NO&lt;sub&gt;2&lt;/sub&gt; column densities over North American urban cities: the effect of satellite footprint resolution
Q57443069,"Variable lifetimes and loss mechanisms for NO&lt;sub&gt;3&lt;/sub&gt; and N&lt;sub&gt;2&lt;/sub&gt;O&lt;sub&gt;5&lt;/sub&gt; during the DOMINO campaign: contrasts between marine, urban and continental air"
Q57518858,Construction of a Constitutively Activated Gα Mutant in the Maize Pathogen &lt;i&gt;Cochliobolus heterostrophus&lt;/i&gt;
Q57520150,"Synthesis, crystal structure and conductive properties of garnet-type lithium ion conductor Al-free Li 7&minus; x La 3 Zr 2&minus; x Ta x O 12 (0 &le; x &le; 0.6)"
Q57575504,Brief Communication: Contending estimates of 2003&ndash;2008 glacier mass balance over the Pamir–Karakoram–Himalaya
Q57537511,Modeling SOA formation from the oxidation of intermediate volatility &lt;i&gt;n&lt;/i&gt;-alkanes
Q57674729,"A Comprehensive Analytical Evaluation of the Trivedi Effect&lt;sup&gt;®&lt;/sup&gt; - Energy of Consciousness Healing Treatment on the Physical, Structural, and Thermal Properties of Zinc Chloride"
Q57665979,Coupling between the JULES land-surface scheme and the CCATT-BRAMS atmospheric chemistry model (JULES-CCATT-BRAMS1.0): applications to numerical weather forecasting and the CO&lt;sub&gt;2&lt;/sub&gt; budget in South America
Q57674889,Evaluation of Vegetative Growth Parameters in Biofield Treated Bottle Gourd (&lt;i&gt;Lagenaria siceraria&lt;/i&gt;) and Okra (&lt;i&gt;Abelmoschus esculentus&lt;/i&gt;)
Q57674400,Improved Structural and Functional Integrity of Bone Health Parameters After Treatment with Consciousness Energy Treated Vitamin D&lt;sub&gt;3&lt;/sub&gt;
Q57674515,Immunological Effects of Biofield Energy Healing (The Trivedi Effect&lt;sup&gt;®&lt;/sup&gt;) Based Novel Herbomineral Formulation After Oral Administration in Male &lt;i&gt;Sprague Dawley&lt;/i&gt; Rats
Q57674797,Impact of Biofield Energy Treated Herbomineral Formulation (The Trivedi Effect&lt;sup&gt;®&lt;/sup&gt;) on Mouse Dendritic and Splenocyte Cells for Modulation of Pro-inflammatory Cytokines
Q57674670,"Influence of the Biofield Energy Healing Treatment on Physicochemical, Thermal and Behavioral Properties of Ashwagandha (&lt;i&gt;Withania somnifera&lt;/i&gt;) Root Extract"
Q57674641,"LC-MS, GC-MS, and NMR Spectroscopy Based Evaluation of the Energy of Consciousness Healing Treated &lt;i&gt;Withania somnifera&lt;/i&gt; (Ashwagandha) Root Extract"
Q57709445,Energetic particle measurements from the &lt;I&gt;Ulysses&lt;/I&gt;/COSPIN/LET instrument obtained during the August/September 2005 events
Q57733281,"Mapping argillic and advanced argillic alteration in volcanic rocks, quartzites, and quartz arenites in the western Richfield 1&deg; x 2 &deg; quadrangle, southwestern Utah, using ASTER satellite data"
Q57736298,"Ocean acidification does not affect magnesium composition or dolomite formation in living crustose coralline algae, &lt;i&gt;Porolithon onkodes&lt;/i&gt; in an experimental system"
Q57775755,Geochemistry of PM&lt;sub&gt;10&lt;/sub&gt; over Europe during the EMEP intensive measurement periods in summer 2012 and winter 2013
Q57866067,A novel 29 bp insertion/deletion (indel) variant of the &lt;i&gt;LHX3&lt;/i&gt; gene and its influence on growth traits in four sheep breeds of various fecundity
Q57866142,Analysis of CO&lt;sub&gt;2&lt;/sub&gt; mole fraction data: first evidence of large-scale changes in CO&lt;sub&gt;2&lt;/sub&gt; uptake at high northern latitudes
Q57858379,"Arc volcanism, carbonate platform evolution and palaeo-atmospheric CO&lt;sub&gt;2&lt;/sub&gt;: Components and interactions in the deep carbon cycle"
Q57855556,Brief Communication: A low-cost Arduino&lt;sup&gt;®&lt;/sup&gt;-based wire extensometer for earth flow monitoring
Q57869249,Can biomonitors effectively detect airborne benzo[&lt;i&gt;a&lt;/i&gt;]pyrene? An evaluation approach using modelling
Q57849735,"Constructions and Properties of General (&lt;i&gt;k, n&lt;/i&gt;) Block-Based Progressive Visual Cryptography"
Q57872128,Dependence of sandpile avalanche frequency–size distribution on coverage extent and compactness of embedded toppling threshold heterogeneity: implications for the variation of Gutenberg&ndash;Richter &lt;i&gt;b&lt;/i&gt; value
Q57870281,Detecting moisture transport pathways to the subtropical North Atlantic free troposphere using paired H&lt;sub&gt;2&lt;/sub&gt;O-&lt;i&gt;δ&lt;/i&gt;D in situ measurements
Q57867128,Emissions of biogenic volatile organic compounds and subsequent formation of secondary organic aerosols in a &lt;I&gt;Larix kaempferi&lt;/I&gt; forest
Q57867911,Evaluation of novel SNPs and haplotypes within the &lt;i&gt;ATBF1&lt;/i&gt; gene and their effects on economically important production traits in cattle
Q57866978,Hygroscopic properties of NaCl and NaNO&lt;sub&gt;3&lt;/sub&gt; mixture particles as reacted inorganic sea-salt aerosol surrogates
Q57870787,"Hydrochemical characteristics of hot spring waters in the Kangding district related to the Lushan &lt;i&gt;M&lt;/i&gt;&lt;sub&gt;S&lt;/sub&gt; = 7.0 earthquake in Sichuan, China"
Q57868655,In situ measurements of O&lt;sub&gt;2&lt;/sub&gt; and CO eq.  in cement kilns
Q57834218,"Model–measurement comparison of functional group abundance in &lt;i&gt;&alpha;&lt;/i&gt;-pinene and 1,3,5-trimethylbenzene secondary organic aerosol formation"
Q57869476,New insight into the spatiotemporal variability and source apportionments of C&lt;sub&gt;1&lt;/sub&gt;–C&lt;sub&gt;4&lt;/sub&gt; alkyl nitrates in Hong Kong
Q57865911,On the potential of the ICOS atmospheric CO&lt;sub&gt;2&lt;/sub&gt; measurement network for estimating the biogenic CO&lt;sub&gt;2&lt;/sub&gt; budget of Europe
Q57866244,Nutritional quality of kermes oak (&lt;i&gt;Quercus coccifera&lt;/i&gt; L.) acorns as affected by altitude in a typical Mediterranean area
Q57867631,"OMI tropospheric NO&lt;sub&gt;2&lt;/sub&gt; profiles from cloud slicing: constraints on surface emissions, convective transport and lightning NO&lt;sub&gt;&lt;i&gt;x&lt;/i&gt;&lt;/sub&gt;"
Q57865898,Ozone and NO&lt;sub&gt;&lt;i&gt;x&lt;/i&gt;&lt;/sub&gt; chemistry in the eastern US: evaluation of CMAQ/CB05 with satellite (OMI) data
Q57868452,Oxygen transport in epitaxial SrTiO&lt;sub&gt;3&lt;/sub&gt;/SrTi&lt;sub&gt;1 − &lt;i&gt;x&lt;/i&gt;&lt;/sub&gt;Fe&lt;sub&gt;&lt;i&gt;x&lt;/i&gt;&lt;/sub&gt;O&lt;sub&gt;3&lt;/sub&gt; multilayer stacks
Q57866366,The impact of parameterising light penetration into snow on the photochemical production of NO&lt;sub&gt;&lt;i&gt;x&lt;/i&gt;&lt;/sub&gt; and OH radicals in snow
Q57866299,"Variant &lt;i&gt;GDF9&lt;/i&gt; mRNA is likely not the main cause of larger litter size in Iranian Lori-Bakhtyari, Shal, Ghezel, and Afshari sheep breeds"
Q57884200,"A new set-up for simultaneous high-precision measurements of CO&lt;sub&gt;2&lt;/sub&gt;, &lt;i&gt;δ&lt;/i&gt;&lt;sup&gt;13&lt;/sup&gt;C-CO&lt;sub&gt;2&lt;/sub&gt; and &lt;i&gt;δ&lt;/i&gt;&lt;sup&gt;18&lt;/sup&gt;O-CO&lt;sub&gt;2&lt;/sub&gt; on smal"
Q57880074,A semi-empirical model for mesospheric and stratospheric NO&lt;sub&gt;&lt;i&gt;y&lt;/i&gt;&lt;/sub&gt; produced by energetic particle precipitation
Q57889928,A regional CO&lt;sub&gt;2&lt;/sub&gt; observing system simulation experiment for the ASCENDS satellite mission
Q57891976,"A novel 17 bp indel in the &lt;i&gt;SMAD3&lt;/i&gt; gene alters transcription level, contributing to phenotypic traits in Chinese cattle"
Q57884897,Abundances of isotopologues and calibration of CO&lt;sub&gt;2&lt;/sub&gt; greenhouse gas measurements
Q57885844,"Accomplishments of the MUSICA project to provide accurate, long-term, global and high-resolution observations of tropospheric {H&lt;sub&gt;2&lt;/sub&gt;O,&lt;i&gt;δ&lt;/i&gt;D} pairs – a review"
Q57889913,Alterations in microbial community composition with increasing &lt;i&gt;f&lt;/i&gt;CO&lt;sub&gt;2&lt;/sub&gt;: a mesocosm study in the eastern Baltic Sea
Q57892946,An internally consistent dataset of &lt;i&gt;δ&lt;/i&gt;&lt;sup&gt;13&lt;/sup&gt;C-DIC in the North Atlantic Ocean – NAC13v1
Q57884501,"Assessment of errors and biases in retrievals of X&lt;sub&gt;CO&lt;sub&gt;2&lt;/sub&gt;&lt;/sub&gt;, X&lt;sub&gt;CH&lt;sub&gt;4&lt;/sub&gt;&lt;/sub&gt;, X&lt;sub&gt;CO&lt;/sub&gt;, and X&lt;sub&gt;N&lt;sub&gt;2&lt;/sub&gt;O&lt;/sub&gt; from a 0.5 cm&"
Q57888908,Assessment of genetic diversity and differentiation of two major camel ecotypes (&lt;i&gt;Camelus dromedarius&lt;/i&gt;) in Sudan using microsatellite markers
Q57895418,Biases in atmospheric CO&lt;sub&gt;2&lt;/sub&gt; estimates from correlated meteorology modeling errors
Q57893366,"Book review: &lt;i&gt;The Illegal City: Space, Law and Gender in a Delhi Squatter Settlement&lt;/i&gt;"
Q57893411,"Book review: &lt;i&gt;Visuelle Geographien: Zur Produktion, Aneignung und Vermittlung von RaumBildern&lt;/i&gt;"
Q57882179,"CCl&lt;sub&gt;4&lt;/sub&gt; distribution derived from MIPAS ESA v7 data: intercomparisons, trend, and lifetime estimation"
Q57881280,Characterisation of boundary layer turbulent processes by the Raman lidar BASIL in the frame of HD(CP)&lt;sup&gt;2&lt;/sup&gt; Observational Prototype Experiment
Q57892983,Chemical composition and mass size distribution of PM&lt;sub&gt;1&lt;/sub&gt; at an elevated site in central east China
Q57895442,Chemical and stable carbon isotopic composition of PM&lt;sub&gt;2.5&lt;/sub&gt; from on-road vehicle emissions in the PRD region and implications for vehicle emission control policy
Q57887393,CO&lt;sub&gt;2&lt;/sub&gt; and nutrient-driven changes across multiple levels of organization in &lt;i&gt;Zostera noltii&lt;/i&gt; ecosystems
Q57889298,"Climate, CO&lt;sub&gt;2&lt;/sub&gt; and human population impacts on global wildfire emissions"
Q57889939,Ciliate and mesozooplankton community response to increasing CO&lt;sub&gt;2&lt;/sub&gt; levels in the Baltic Sea: insights from a large-scale mesocosm experiment
Q57884032,"Comprehensive laboratory and field testing of cavity ring-down spectroscopy analyzers measuring H&lt;sub&gt;2&lt;/sub&gt;O, CO&lt;sub&gt;2&lt;/sub&gt;, CH&lt;sub&gt;4&lt;/sub&gt; and CO"
Q57891597,Constraining a complex biogeochemical model for CO&lt;sub&gt;2&lt;/sub&gt; and N&lt;sub&gt;2&lt;/sub&gt;O emission simulations from various land uses by model–data fusion
Q57884538,"Continuous and high-precision atmospheric concentration measurements of COS, CO&lt;sub&gt;2&lt;/sub&gt;, CO and H&lt;sub&gt;2&lt;/sub&gt;O using a quantum cascade laser spectrometer (QCLS)"
Q57891816,Contribution of Marine Group II &lt;i&gt;Euryarchaeota&lt;/i&gt; to cyclopentyl tetraethers in the Pearl River estuary and coastal South China Sea: impact on the TEX&lt;sub&gt;86&lt;/sub&gt; paleothermometer
Q57884446,Development of automated preparation system for isotopocule analysis of N&lt;sub&gt;2&lt;/sub&gt;O in various air samples
Q57886161,Drought impact on carbon and water cycling in a Mediterranean &lt;i&gt;Quercus suber&lt;/i&gt; L. woodland during the extreme drought event in 2012
Q57882135,Efficient bulk mass accommodation and dissociation of N&lt;sub&gt;2&lt;/sub&gt;O&lt;sub&gt;5&lt;/sub&gt; in neutral aqueous aerosol
Q57884958,"Effects of variation in background mixing ratios of N&lt;sub&gt;2&lt;/sub&gt;, O&lt;sub&gt;2&lt;/sub&gt;, and Ar on the measurement of &lt;i&gt;δ&lt;/i&gt;&lt;sup&gt;18&lt;/sup&gt;O–H&lt;sub&gt;2&lt;/sub&gt;O and &lt;i&gt;δ&lt;/i&gt;&lt;sup&gt;2&"
Q57890553,"Effects of &lt;i&gt;γ&lt;/i&gt;-aminobutyric acid on the tissue structure, antioxidant activity, cell apoptosis, and cytokine contents of bursa of Fabricius in chicks under heat stress"
Q57889469,Evaluating the Community Land Model in a pine stand with shading manipulations and &lt;sup&gt;13&lt;/sup&gt;CO&lt;sub&gt;2&lt;/sub&gt; labeling
Q57886453,Experimental test of the &rho;(1-&alpha;) evolution for rotational discontinuities: cluster magnetopause observations
Q57889606,Extreme N&lt;sub&gt;2&lt;/sub&gt;O accumulation in the coastal oxygen minimum zone off Peru
Q57890250,Experimental diagenesis: insights into aragonite to calcite transformation of &lt;i&gt;Arctica islandica&lt;/i&gt; shells by hydrothermal treatment
Q57885250,First characterization and validation of FORLI-HNO&lt;sub&gt;3&lt;/sub&gt; vertical profiles retrieved from IASI/Metop
Q57888694,Impact of seawater [Ca&lt;sup&gt;2+&lt;/sup&gt;] on the calcification and calciteMg / Ca of &lt;i&gt;Amphistegina lessonii&lt;/i&gt;
Q57890442,Increased temperature causes different carbon and nitrogen processing patterns in two common intertidal foraminifera (&lt;i&gt;Ammonia tepida&lt;/i&gt; and &lt;i&gt;Haynesina germanica&lt;/i&gt;)
Q57888887,Interdependencies between temperature and moisture sensitivities of CO&lt;sub&gt;2&lt;/sub&gt; emissions in European land ecosystems
Q57889695,Interannual variability of the atmospheric CO&lt;sub&gt;2&lt;/sub&gt; growth rate: roles of precipitation and temperature
Q57895482,Intercomparing different devices for the investigation of ice nucleating particles using Snomax&lt;sup&gt;®&lt;/sup&gt; as test substance
Q57884799,"Measurement of ambient NO&lt;sub&gt;3&lt;/sub&gt; reactivity: design, characterization and first deployment of a new instrument"
Q57889929,Mechanisms of &lt;i&gt;Trichodesmium&lt;/i&gt; demise within the New Caledonian lagoon during the VAHINE mesocosm experiment
Q57892372,Modelling street level PM&lt;sub&gt;10&lt;/sub&gt; concentrations across Europe: source apportionment and possible futures
Q57892380,"Molecular cloning, sequence identification, polymorphism and association of the porcine &lt;i&gt;SPATS2L&lt;/i&gt; gene"
Q57886607,Outflow of low-energy O&lt;sup&gt;+&lt;/sup&gt; ion beams observed during periods without substorms
Q57891854,Prescribed-burning vs. wildfire: management implications for annual carbon emissions along a latitudinal gradient of &lt;i&gt;Calluna vulgaris&lt;/i&gt;-dominated vegetation
Q57889424,Radiocarbon isotopic evidence for assimilation of atmospheric CO&lt;sub&gt;2&lt;/sub&gt; by the seagrass &lt;i&gt;Zostera marina&lt;/i&gt;
Q57884343,Real time retrieval of volcanic cloud particles and SO&lt;sub&gt;2&lt;/sub&gt; by satellite using an improved simplified approach
Q57881066,Representing the effects of stratosphere–troposphere exchange on 3-D O&lt;sub&gt;3&lt;/sub&gt; distributions in chemistry transport models using a potential vorticity-based parameterization
Q57885658,Retrieval of xCO&lt;sub&gt;2&lt;/sub&gt; from ground-based mid-infrared (NDACC) solar absorption spectra and comparison to TCCON
Q57888821,Response of key stress-related genes of the seagrass &lt;i&gt;Posidonia oceanica&lt;/i&gt; in the vicinity of submarine volcanic vents
Q57881234,SNP analysis reveals estrogen receptor 1 (&lt;i&gt;ESR1&lt;/i&gt;) gene variants associated with laying traits in quails
Q57881108,Spectroscopic evidence of large aspherical &lt;i&gt;β&lt;/i&gt;-NAT particles involved in denitrification in the December 2011 Arctic stratosphere
Q57885420,Space-based NO&lt;sub&gt;&lt;i&gt;x&lt;/i&gt;&lt;/sub&gt; emission estimates over remote regions improved in DECSO
Q57890924,The bivalve &lt;i&gt;Glycymeris planicostalis&lt;/i&gt; as a high-resolution paleoclimate archive for the Rupelian (Early Oligocene) of central Europe
Q57900337,Temperature Dependence of the Electron Transfer in a Mn(II)Mn(III)(&mgr;-OH) Mixed-Valence Manganese Complex
Q57884401,The STRatospheric Estimation Algorithm from Mainz (STREAM): estimating stratospheric NO&lt;sub&gt;2&lt;/sub&gt; from nadir-viewing satellites by weighted convolution
Q57888806,The role of photo- and thermal degradation for CO&lt;sub&gt;2&lt;/sub&gt; and CO fluxes in an arid ecosystem
Q57945837,The Transformation of Europe&apos;s Armed Forces
Q57885783,Twin-cuvette measurement technique for investigation of dry deposition of O&lt;sub&gt;3&lt;/sub&gt; and PAN to plant leaves under controlled humidity conditions
Q57885982,Using atmospheric observations to evaluate the spatiotemporal variability of CO&lt;sub&gt;2&lt;/sub&gt; fluxes simulated by terrestrial biospheric models
Q57889116,Why is &lt;i&gt;Trichodesmium&lt;/i&gt; abundant in the Kuroshio?
Q57984669,"Near-road sampling of PM&lt;sub&gt;2.5&lt;/sub&gt;, BC, and fine particle chemical components in Kathmandu Valley, Nepal"
Q58062898,A &lt;sup&gt;13&lt;/sup&gt;C labelling study on carbon fluxes in Arctic plankton communities under elevated CO&lt;sub&gt;2&lt;/sub&gt; levels
Q58053116,BrO and Br&lt;sub&gt;y&lt;/sub&gt; profiles over the Western Pacific: Relevance of Inorganic Bromine Sources and a Br&lt;sub&gt;y&lt;/sub&gt; Minimum in the Aged Tropical Tropopause Layer
Q58052073,CH&lt;sub&gt;4&lt;/sub&gt; and CO distributions over tropical fires during October 2006 as observed by the Aura TES satellite instrument and modeled by GEOS-Chem
Q58056218,"Cyanobacterial endobionts within a major marine planktonic calcifier (&lt;i&gt;Globigerina bulloides&lt;/i&gt;, Foraminifera) revealed by 16S rRNA metabarcoding"
Q58067168,Long-term trends in the PM&lt;sub&gt;2.5&lt;/sub&gt;- and O&lt;sub&gt;3&lt;/sub&gt;-related mortality burdens in the United States under emission reductions from 1990 to 2010
Q58072892,NO&lt;sub&gt;x&lt;/sub&gt; emissions in China: historical trends and future perspectives
Q58058817,Observation of isoprene hydroxynitrates in the southeastern United States and implications for the fate of NO&lt;sub&gt;&lt;i&gt;x&lt;/i&gt;&lt;/sub&gt;
Q58058984,"Observations of the temperature dependent response of ozone to NO&lt;sub&gt;x&lt;/sub&gt; reductions in the Sacramento, CA urban plume"
Q58053156,Parameterisation and impact of aerosol uptake of HO&lt;sub&gt;2&lt;/sub&gt; on a global tropospheric model
Q58058178,"Source apportionment of PM&lt;sub&gt;10&lt;/sub&gt; in a north-western Europe regional urban background site (Lens, France) using positive matrix factorization and including primary biogenic emissions"
Q58069081,The mechanisms of North Atlantic CO&lt;sub&gt;2&lt;/sub&gt; uptake in a large Earth System Model ensemble
Q58059862,Trajectory model simulations of ozone (O&lt;sub&gt;3&lt;/sub&gt;) and carbon monoxide (CO) in the lower stratosphere
Q58099989,Aura OMI observations of regional SO&lt;sub&gt;2&lt;/sub&gt; and NO&lt;sub&gt;2&lt;/sub&gt; pollution changes from 2005 to 2015
Q58105878,Coccolithophore surface distributions in the North Atlantic and their modulation of the air-sea flux of CO&lt;sub&gt;2&lt;/sub&gt; from 10 years of satellite Earth observation data
Q58117799,Does atmospheric CO&lt;sub&gt;2&lt;/sub&gt; seasonality play an important role in governing the air-sea flux of CO&lt;sub&gt;2&lt;/sub&gt;?
Q58116831,"Ice crystal concentrations in wave clouds: dependencies on temperature, &lt;i&gt;D&lt;/i&gt; &gt; 0.5 μm aerosol particle concentration, and duration of cloud processing"
Q58115563,"Increasing concentrations of dichloromethane, CH&lt;sub&gt;2&lt;/sub&gt;Cl&lt;sub&gt;2&lt;/sub&gt;, inferred from CARIBIC air samples collected 1998–2012"
Q58093223,The sensitivity of stratospheric ozone changes through the 21st century to N&lt;sub&gt;2&lt;/sub&gt;O and CH&lt;sub&gt;4&lt;/sub&gt;
Q58201156,Bulk partitioning the growing season net ecosystem exchange of CO&lt;sub&gt;2&lt;/sub&gt; in Siberian tundra reveals the seasonality of its carbon sequestration strength
Q58231854,High Prevalence of Subclinical Mastitis and Multidrug Resistant &lt;i&gt;Staphylococcus aureus&lt;/i&gt; Are a Threat to Dairy Cattle Production in Kiboga District (Uganda)
Q58310750,A Lagrangian Approach Towards Extracting Signals of Urban CO&lt;sub&gt;2&lt;/sub&gt; Emissions from Satellite Observations of Atmospheric Column CO&lt;sub&gt;2&lt;/sub&gt; (XCO&lt;sub&gt;2&lt;/sub&gt;): X-Stochastic Time-Inverted Lagrangian Transport
Q58262897,Airborne intercomparison of HO&lt;sub&gt;x&lt;/sub&gt; measurements using laser-induced fluorescence and chemical ionization mass spectrometry during ARCTAS
Q58239634,Biology and air–sea gas exchange controls on the distribution of carbon isotope ratios ( &delta; 13 C) in the ocean
Q58239339,"Boreal forest fire emissions in fresh Canadian smoke plumes: C&lt;sub&gt;1&lt;/sub&gt;-C&lt;sub&gt;10&lt;/sub&gt; volatile organic compounds (VOCs), CO&lt;sub&gt;2&lt;/sub&gt;, CO, NO&lt;sub&gt;2&lt;/sub&gt;, NO, HCN and CH&lt;sub&gt;3&lt;/sub&gt;CN"
Q58313736,Carbon flux to woody tissues in a beech/spruce forest during summer and in response to chronic O&lt;sub&gt;3&lt;/sub&gt; exposure
Q58261745,"Corrigendum to ""Cajander larch ( Larix cajanderi ) biomass distribution, fire regime and post-fire recovery in northeastern Siberia"" published in Biogeosciences, 9, 3943&minus;3959, 2012"
Q58240117,Methods to evaluate CaCO&lt;sub&gt;3&lt;/sub&gt; cycle modules in coupled global biogeochemical ocean models
Q58240394,Observations of total RONO&lt;sub&gt;2&lt;/sub&gt; over the boreal forest: NO&lt;sub&gt;x&lt;/sub&gt; sinks and HNO&lt;sub&gt;3&lt;/sub&gt; sources
Q58313855,On the statistical optimality of CO&lt;sub&gt;2&lt;/sub&gt; atmospheric inversions assimilating CO&lt;sub&gt;2&lt;/sub&gt; column retrievals
Q58240164,Potential impact of DOM accumulation on &lt;i&gt;f&lt;/i&gt;CO&lt;sub&gt;2&lt;/sub&gt; and carbonate ion computations in ocean acidification experiments
Q58238250,Simulated anthropogenic CO&lt;sub&gt;2&lt;/sub&gt; storage and acidification of the Mediterranean Sea
Q58265500,"Spatial gradients of temperature, accumulation and &delta; 18 O-ice in Greenland over a series of Dansgaard-Oeschger events"
Q58313839,The first 1-year-long estimate of the Paris region fossil fuel CO&lt;sub&gt;2&lt;/sub&gt; emissions based on atmospheric inversion
Q58304050,The isotopic composition of precipitation from a winter storm – a case study with the limited-area model COSMO&lt;sub&gt;iso&lt;/sub&gt;
Q58320778,A centrifugal ice microtome for measurements of atmospheric CO&lt;sub&gt;2&lt;/sub&gt; on air trapped in polar ice cores
Q58322697,A satellite data driven biophysical modeling approach for estimating northern peatland and tundra CO&lt;sub&gt;2&lt;/sub&gt; and CH&lt;sub&gt;4&lt;/sub&gt; fluxes
Q58382501,Tracing water masses with &lt;sup&gt;129&lt;/sup&gt;I and &lt;sup&gt;236&lt;/sup&gt;U in the subpolar North Atlantic along the GEOTRACES GA01 section
Q58382506,Tracing water masses with &lt;sup&gt;129&lt;/sup&gt;I and &lt;sup&gt;236&lt;/sup&gt;U in the subpolar North Atlantic along the GEOTRACES GA01 section
Q58395637,A method for evaluating bias in global measurements of CO&lt;sub&gt;2&lt;/sub&gt; total columns from space
Q58387605,Application of &delta;&lt;sup&gt;13&lt;/sup&gt;C and &delta;&lt;sup&gt;15&lt;/sup&gt;N isotopic signatures of organic matter fractions sequentially separated from adjacent arable and forest soils to identify carbon stabilization mechanisms
Q58384376,Direct measurements of NO&lt;sub&gt;3&lt;/sub&gt; reactivity in and above the boundary layer of a mountaintop site: identification of reactive trace gases and comparison with OH reactivity
Q58384393,Direct measurements of NO&lt;sub&gt;3&lt;/sub&gt;-reactivity in and above the boundary layer of a mountain-top site: Identification of reactive trace gases and comparison with OH-reactivity
Q58384403,Direct measurement of NO&lt;sub&gt;3&lt;/sub&gt; radical reactivity in a boreal forest
Q58386951,Eddy covariance flux measurements confirm extreme CH&lt;sub&gt;4&lt;/sub&gt; emissions from a Swiss hydropower reservoir and resolve their short-term variability
Q58393900,Global XCO&lt;sub&gt;2&lt;/sub&gt; anomalies as seen by Orbiting Carbon Observatory-2
Q58410283,Glacial CO&lt;sub&gt;2&lt;/sub&gt; cycle as a succession of key physical and biogeochemical processes
Q58412596,Response of O&lt;sub&gt;2&lt;/sub&gt; and pH to ENSO in the California Current System in a high resolution global climate model
Q57880088,Study of the footprints of short-term variation in XCO&lt;sub&gt;2&lt;/sub&gt; observed by TCCON sites using NIES and FLEXPART atmospheric transport models
Q58384544,"Stratospheric SO&lt;sub&gt;2&lt;/sub&gt; and sulphate aerosol, model simulations and satellite observations"
Q58432883,The EuroLifeNet Study: How Different Microenvironments Influence Personal Exposure to PM&lt;sub&gt;2.5&lt;/sub&gt; among High-School Students in Milan
Q58419620,"Uptake of algal carbon and the likely synthesis of an ""essential"" fatty acid by &lt;i&gt;Uvigerina&lt;/i&gt; ex. gr. &lt;i&gt;semiornata&lt;/i&gt; (Foraminifera) within the Pakistan margin oxygen minimum zone: evidence from fatty acid biomarker and &"
Q58473237,Magnetic Decreases (MDs) and mirror modes: two different plasma &beta; changing mechanisms
Q58644260,Generation and analysis of a new global burned area product based on MODIS 250&thinsp;m reflectance bands and thermal anomalies
Q58644264,Generation and analysis of a new global burned area product based on MODIS 250&thinsp;m reflectance bands and thermal anomalies
Q58650094,Characterization of OMI tropospheric NO&lt;sub&gt;2&lt;/sub&gt; over the Baltic Sea region
Q58652479,Inclusion of ash and SO&lt;sub&gt;2&lt;/sub&gt; emissions from volcanic eruptions in WRF-Chem: development and some applications
Q58855711,"Airborne emission measurements of SO&lt;sub&gt;2&lt;/sub&gt; , NO&lt;sub&gt;x&lt;/sub&gt; and particles from individual ships using a sniffer technique"
Q58823538,Consumers&rsquo; knowledge of and attitudes toward the role of oak in winemaking
Q58940551,"Phylogenetic model of &lt;i&gt;Follicucullus&lt;/i&gt; lineages (Albaillellaria, Radiolaria) based on high-resolution biostratigraphy of the Permian Bancheng Formation, Guangxi, South China"
Q59200620,Differential gene expression in the mussel &lt;i&gt;Bathymodiolus azoricus&lt;/i&gt; from the Menez Gwen and Lucky Strike deep-sea hydrothermal vent sites
Q59188334,Effect of Ultrahigh Straining on the Evolution of Cube Texture ({100}&lt;100&gt;) in High Purity Nickel
Q59192618,Proteostasis in Huntington&rsquo;s Disease: Disease Mechanisms and Therapeutic Opportunities
Q59164510,"The very short-lived ozone depleting substance CHBr&lt;sub&gt;3&lt;/sub&gt; (bromoform): revised UV absorption spectrum, atmospheric lifetime and ozone depletion potential"
Q59234180,Limited Cross-Shelf Variation in the Growth of Three Branching Corals on Australia&rsquo;s Great Barrier Reef
Q59256886,Overview of the 2007 and 2008 campaigns conducted as part of the Greenland Summit Halogen-HO&lt;sub&gt;x&lt;/sub&gt; Experiment (GSHOX)
Q59305720,High-molecular-weight esters in &lt;i&gt;α&lt;/i&gt;-pinene ozonolysis secondary organic aerosol: structural characterization and mechanistic proposal for their formation from highly oxygenated molecules
Q59318857,The Correlation of IFN &lt;i&gt;γ&lt;/i&gt; to the Preferential Isolation of Influenza Type B over Type A Viruses in Madin Darby Canine Kidney Cells
Q59309265,Wavelength and NO&lt;sub&gt;x&lt;/sub&gt; dependent complex refractive index of SOAs generated from the photooxidation of toluene
Q59384657,Assimilation of OMI NO&lt;sub&gt;2&lt;/sub&gt; retrievals into the limited-area chemistry-transport model DEHM (V2009.0) with a 3-D OI algorithm
Q59341843,Characterization of PID and Lead/Lag Compensators Satisfying Given&lt;tex&gt;$cal H_infty$&lt;/tex&gt;Specifications
Q59340844,Comparison of methods for the determination of NO-O&lt;sub&gt;3&lt;/sub&gt;-NO&lt;sub&gt;2&lt;/sub&gt; fluxes and chemical interactions over a bare soil
Q59340830,Formation of secondary aerosols from gasoline vehicle exhaust when mixing with SO&lt;sub&gt;2&lt;/sub&gt;
Q59344423,Thermal effects on the casimir force in the 0.1- 5 &mgr;m range
Q59770206,Combining two complementary micrometeorological methods to measure CH&lt;sub&gt;4&lt;/sub&gt; and N&lt;sub&gt;2&lt;/sub&gt;O fluxes over pasture
Q59781922,"Ultraviolet absorption cross sections of carbonyl sulfide isotopologues OC&lt;sup&gt;32&lt;/sup&gt;S, OC&lt;sup&gt;33&lt;/sup&gt;S, OC&lt;sup&gt;34&lt;/sup&gt;S and O&lt;sup&gt;13&lt;/sup&gt;CS: isotopic fractionation in photolysis and atmospheric im"
Q59838356,Arctic Ocean CO&lt;sub&gt;2&lt;/sub&gt; uptake: an improved multi-year estimate of the air–sea CO&lt;sub&gt;2&lt;/sub&gt; flux incorporating chlorophyll-a concentrations
Q59839718,The detection of nocturnal N&lt;sub&gt;2&lt;/sub&gt;O&lt;sub&gt;5&lt;/sub&gt; as HNO&lt;sub&gt;3&lt;/sub&gt; by alkali- and aqueous-denuder techniques
Q59888224,An investigation of the ionospheric F-region near the EIA crest in India using OI 777.4 and 630.0&thinsp;nm nightglow observations
Q59911753,Error characterization of CO&lt;sub&gt;2&lt;/sub&gt; vertical mixing in the atmospheric transport model WRF-VPRM
Q59911771,The CO&lt;sub&gt;2&lt;/sub&gt; release and Oxygen uptake from Fossil Fuel Emission Estimate (COFFEE) dataset: effects from varying oxidative ratios
Q60011926,Aerosol hygroscopicity and cloud condensation nuclei activity during the AC&lt;sup&gt;3&lt;/sup&gt;Exp campaign: implications for cloud condensation nuclei parameterization
Q60023789,Carbon balance of South Asia constrained by passenger aircraft CO&lt;sub&gt;2&lt;/sub&gt; measurements
Q60015148,Evaluation of version 3.0B of the BEHR OMI NO&lt;sub&gt;2&lt;/sub&gt; product
Q60015284,On the export of reactive nitrogen from Asia: NO&lt;sub&gt;x&lt;/sub&gt; partitioning and effects on ozone
Q60015253,Space-based observations of fire NO&lt;sub&gt;x&lt;/sub&gt; emission coefficients: a global biome-scale comparison
Q60015154,The Berkeley High Resolution Tropospheric NO&lt;sub&gt;2&lt;/sub&gt; Product
Q60023774,The Impact of Transport Model Differences on CO&lt;sub&gt;2&lt;/sub&gt; Surface Flux Estimates from OCO-2 Retrievals of Column Average CO&lt;sub&gt;2&lt;/sub&gt;
Q60122278,Experimental and model assessment of PM&lt;sub&gt;2.5&lt;/sub&gt; and BC emissions and concentrations in a Brazilian city &ndash; the Curitiba case study
Q60155876,Collection efficiency of &alpha;-pinene secondary organic aerosol particles explored via light scattering single particle aerosol mass spectrometry
Q60172170,Real-time measurements of gas-phase organic acids using SF&lt;sub&gt;6&lt;/sub&gt;&lt;sup&gt;−&lt;/sup&gt; chemical ionization mass spectrometry
Q60170360,The role of vegetation in the CO&lt;sub&gt;2&lt;/sub&gt; flux from a tropical urban neighbourhood
Q60155727,Time-resolved photoluminescence of ZnS/sub x/Se/sub 1-x/(0&gt;×&gt;0.12) epilayers on GaAs grown by MBE
Q60299281,"Microstructure, Microchemistry and the Development of Very High&lt;tex&gt;$rm Nb_3rm Sn$&lt;/tex&gt;Layer Critical Current Density"
Q60356370,Plant-mediated CH&lt;sub&gt;4&lt;/sub&gt; transport and contribution of photosynthates to methanogenesis at a boreal mire: a &lt;sup&gt;14&lt;/sup&gt;C pulse-labeling study
Q60514072,Why so many flowers? A preliminary assessment of mixed pollination strategy enhancing sexual reproduction of the invasive &lt;i&gt;Acacia longifolia&lt;/i&gt; in Portugal
Q60615320,"&lsquo;Not one voice speaking to many&rsquo;: E C Large, wireless, and science fiction fans in the mid-twentieth century"
Q60615522,Coming home - Bally&rsquo;s miniature phrenological specimens
Q60619725,Helen Mayberg: &laquo;Therapieresistente Depression kann durch Tiefenhirnstimulation beeinflusst werden&raquo;
Q60615414,Something in the Air: Dr Carter Moffat&rsquo;s Ammoniaphone and the Victorian Science of Singing
Q60679138,Funktionelle Bildgebung bei chronischen Schmerzerkrankungen: Implikationen f&uuml;r die Therapie
Q60711267,Improving algorithms and uncertainty estimates for satellite NO&lt;sub&gt;2&lt;/sub&gt; retrievals: Results from the Quality Assurance for Essential Climate Variables (QA4ECV) project
Q61013745,Primary and secondary biomass burning aerosols determined by proton nuclear magnetic resonance (&lt;sup&gt;1&lt;/sup&gt;H-NMR) spectroscopy during the 2008 EUCAARI campaign in the Po Valley (Italy)
Q61044034,SMRT: An active&thinsp;/&thinsp;passive microwave radiative transfer model for snow with multiple microstructure and scattering formulations (v1.0)
Q61451533,"Automatic Object-Oriented, Spectral-Spatial Feature Extraction Driven by Tobler&rsquo;s First Law of Geography for Very High Resolution Aerial Imagery Classification"
Q61732828,Cation distribution and high field magnetization studies on SrFe&lt;inf&gt;12-x&lt;/inf&gt;Cr&lt;inf&gt;x&lt;/inf&gt;O&lt;inf&gt;19&lt;/inf&gt;
Q61656121,"CO, NO&lt;sub&gt;x&lt;/sub&gt; and &lt;sup&gt;13&lt;/sup&gt;CO&lt;sub&gt;2&lt;/sub&gt; as tracers for fossil fuel CO&lt;sub&gt;2&lt;/sub&gt;: results from a pilot study in Paris during winter 2010"
Q61658510,Diagnosing the transition layer at extratropical latitudes using MLS O&lt;sub&gt;3&lt;/sub&gt; and MOPITT CO analyses
Q61657397,"Global distributions of C&lt;sub&gt;2&lt;/sub&gt;H&lt;sub&gt;6&lt;/sub&gt;, C&lt;sub&gt;2&lt;/sub&gt;H&lt;sub&gt;2&lt;/sub&gt;, HCN, and PAN retrieved from MIPAS reduced spectral resolution measurements"
Q61658445,"Investigation of CO, C&lt;sub&gt;2&lt;/sub&gt;H&lt;sub&gt;6&lt;/sub&gt; and aerosols in a boreal fire plume over eastern Canada during BORTAS 2011 using ground- and satellite-based observations and model simulations"
Q61744765,Plafond in the Style &quot;Grotesque&quot;
Q61949541,Centennial-scale precipitation anomalies in the southern Altiplano (18°&thinsp;S) suggest an extra-tropical driver for the South American Summer Monsoon during the late Holocene
Q61939873,Impact of diurnal temperature fluctuations on larval settlement and growth of the reef coral &lt;i&gt;Pocillopora damicornis&lt;/i&gt;
Q61939875,Impact of diurnal temperature fluctuations on larval settlement and growth of the reef coral &lt;i&gt;Pocillopora damicornis&lt;/i&gt;
Q62025266,"A Placebo-Controlled, Randomised, Double-Blind Trial to Assess the Safety and Efficacy of Intermittent Bilateral Intraputamenal (GDNF) Infusions Administered Via Convection Enhanced Delivery (CED) in Subjects With Parkinson&Apos;s Disease"
Q62110708,"A Phase III Study of Daunorubicin and Cytarabine +/- G3139 (Genasense, Oblimersen Sodium, NSC #683428, IND #58842), a BCL2 Antisense Oligodeoxynucleotide, in Previously Untreated Patients With Acute Myeloid Leukemia (AML) &gt; / = 60 Years"
Q62573691,Proteomic Differences between Azole-Susceptible and -Resistant &lt;i&gt;Aspergillus fumigatus&lt;/i&gt; Strains
Q62568620,Relationships between Spark Plasma Sintering Temperature and Mechanical Properties of Combustion-Synthesized &alpha;- and &beta;-SiAlON
Q62520631,Urban population exposure to NO&lt;sub&gt;x&lt;/sub&gt; emissions from local shipping in three Baltic Sea harbour cities &ndash; a generic approach
Q63342440,Synthesis of the Organotitanoxane Complexes [(eta(5)-C(5)Me(5))(4)Ti(4)X(2)](&mgr;-O)(5). X-ray Structure of [(eta(5)-C(5)Me(5))(4)Ti(4)Me(2)](&mgr;-O)(5)
Q63435964,Revisiting chlorophyll extraction methods in biological soil crusts – methodology for determination of chlorophyll &lt;i&gt;a&lt;/i&gt; and chlorophyll &lt;i&gt;a&lt;/i&gt; + &lt;i&gt;b&lt;/i&gt; as compared to previous methods
Q63488757,"Corrigendum to ""An algorithm to detect sea ice leads by using AMSR-E passive microwave imagery"" published in The Cryosphere, 6, 343&ndash;352, 2012"
Q63488656,Insights from year-long measurements of air–water CH&lt;sub&gt;4&lt;/sub&gt; and CO&lt;sub&gt;2&lt;/sub&gt; exchange in a coastal environment
Q63488516,Liquid–liquid phase separation in organic particles containing one and two organic species: importance of the average O&thinsp;:&thinsp;C
Q63496473,Metal Body Armour: Biomimetic Engineering of Lattice Structures &dagger;
Q63487827,The sensitivity of secondary organic aerosol (SOA) component partitioning to the predictions of component properties &ndash; Part 3: Investigation of condensed compounds generated by a near-explicit model of VOC oxidation
Q63645964,"A high-resolution climate record spanning the past 17&thinsp;000 years recovered from Lake Ohau, South Island, New Zealand"
Q63628628,"Demonstrating the ""Unit Hydrograph"" and flow routing processes involving active student participation &ndash; A university lecture experiment"
Q63727422,Guillain-Barr&eacute; syndrome in Denmark: validation of diagnostic codes and a population-based nationwide study of the incidence in a 30-year period
Q63849732,Effect of increased temperature on carbon and nitrogen uptake of two intertidal foraminifera (&lt;i&gt;Ammonia tepida&lt;/i&gt; and &lt;i&gt;Haynesina germanica&lt;/i&gt;)
Q63971682,Salinity changes in the Agulhas leakage area recorded by stable hydrogen isotopes of C&lt;sub&gt;37&lt;/sub&gt; alkenones during Termination I and II
Q64025175,Sensitivity of a leaf gas-exchange model for estimating paleoatmospheric CO&lt;sub&gt;2&lt;/sub&gt; concentration
Q63964846,The penultimate deglaciation: protocol for PMIP4 transient numerical simulations between 140 and 127&thinsp;ka
Q64094668,Downregulation of MMSET impairs breast cancer proliferation and metastasis through inhibiting Wnt/&beta;-catenin signaling
Q64134074,Asian and Pacific Child Hepatitis B Vaccination Catch&shy;up: Why Now is the Best Time
Q64131485,Spatial Distribution of Zika in Honduras during 2016&ndash;2017 Using Geographic Information Systems (GIS)&mdash;Implications in Public Health and Travel Medicine
Q64131505,Spatial Distribution of Zika in Honduras during 2016&ndash;2017 Using Geographic Information Systems (GIS)&mdash;Implications in Public Health and Travel Medicine
Q64391133,divand-1.0: &lt;i&gt;n&lt;/i&gt;-dimensional variational data analysis for ocean observations
Q64391412,MODIS snow cover mapping accuracy in a small mountain catchment &ndash; comparison between open and forest sites
Q64391111,Sensitivity of the WRF model to the lower boundary in an extreme precipitation event &ndash; Madeira island case study
Q64391167,Study of the combined effects of data assimilation and grid nesting in ocean models &ndash; application to the Gulf of Lions
Q64598819,Study of the Relationship Between Protein Biomarkers in Cerebrospinal Fluid and the Risk of Progression to Alzheimer&Apos;s Disease in a Cohort of Patients With Depression
Q66863527,Sequelae of incomplete gynecologic operations: II. The uterus &amp; cervix
Q66942474,Cell cycle kinetics of PHA-stimulated muntjac lymphocytes in vitro: Part I--BrdU harlequin assay system &amp; demonstration of rapid proliferation of lymphocytes
Q66904815,"Formation of 2,4-dihydroxybenzoic acid &amp; resorcinol as intermediates in the degradation of salicylic acid by Aspergillus nidulans"
Q66936994,The measurement of the Bausch &amp; Lomb Soflens contact lens by interferometry
Q67019392,"Binding of sodium dodecyl sulphate, Triton X &amp; short chain fatty acids to DNA"
Q67019128,Effects of immobilization stress on spermatogenesis &amp; accessory sex organs in rats
Q66961000,Postnatal energy substrate changes in newborn calves during winter &amp; summer
Q67004485,Thermodynamics of dialysis equilibrium &amp; excess hydration of proteins: part 2--Negative binding of inorganic electrolytes &amp; lyotropic series
Q67073614,"Cysteine-onion oil interaction, its biological importance &amp; the separation of interaction products by chromoatography"
Q67063812,Effect of copper IUD on the uptake of estrogen &amp; progesterone in rat cervix
Q67053217,Interceptive &amp; abortifacient activity of Aristolochia indica L. &amp; possible mode of action
Q67214013,Pollen of &lt;i&gt;Bauhinia&lt;/i&gt; L. and &lt;i&gt;Phanera&lt;/i&gt; Lour. (Leguminosae-Caesalpinioideae) from the Brazilian Caatinga
Q67208396,The effect of northern forest expansion on evapotranspiration overrides that of a possible physiological water saving response to rising CO&lt;sub&gt;2&lt;/sub&gt;: Interpretations of movement in Budyko Space
Q67252203,"The subgenus Persicargas (Ixodoidea: Argasidae: Argas). 21. The effect of some factors in the process of mating on egg development and oviposition in A. (P.) arboreus Kaiser, Hoogstraal &amp; Kohls"
Q67340304,"Hodgkin's disease (H.D.)--a study of 111 cases seen at Gujarat Cancer &amp; Research Institute, Ahmedabad"
Q67417206,Deviation behaviour of arginine derivatives on molecular sieves &amp; its use in the assay of the esterolytic activity of trypsin
Q67368013,Differential activity pattern of succinate &amp; glutamate dehydrogenases in liver &amp; kidney of frog &amp; rat in relation to nitrogenous end products
Q67392902,Effect of immobilization stress on implantation &amp; pregnancy in rat
Q67392921,Influence of Andrographis paniculata (Kalmegh) on bile flow &amp; hexabarbitone sleeping in experimental animals
Q67377110,Proceedings: 3-(4(5)-imidazolyl) propylguanidine (SK&amp;F 91486) - a partial agonist at histamine H2-receptors
Q67448848,Sister chromatid exchanges &amp; their relevance to defective DNA repair in xeroderma pigmentosum cells
Q67446334,Some thermodynamic aspects of expanded &amp; condensed films of BSA adsorbed at the alumina-water interface
Q67412251,Standard &amp; Poor's Corporation corporate and municipal bond rating definitions
Q67505298,Activators &amp; bonding in the treatment of mixed-dentition distocclusion
Q67520166,Comparative study of glibenclamide &amp; chlorpropamide in newly diagnosed maturity onset diabetics
Q67534313,"Effect of 9-arylpurines, 9-aryl-8-azapurines &amp; related 5-phenylazopyrimidines on the growth of Streptococcus faecalis"
Q67543320,"Inhibition of corneal neovascularization in the rat by SK&amp;F 86002, a dual inhibitor of arachidonic acid metabolism"
Q67453263,Teratological evaluation of FD&amp;C Red no. 2 -a collaborative government-industry study. II. FDA's study
Q67580831,"Risks, dignity &amp; responsibility in residential homes for the elderly: the legal framework"
Q67569810,"The accuracy and performance of the A&amp;D TM 2421, a new ambulatory blood pressure monitoring device based on the cuff-oscillometric method and the Korotkoff sound technique"
Q67674518,Connecticut State Medical Society Professional Liability Insurance Program: a report to the Society August 1977: Aetna Life &amp; Casualty
Q67655359,"Glycosaminoglycans, elastin &amp; collagen content of normal adult human aorta at different anatomical levels"
Q67725506,Diurnal alteration of glycogen &amp; its metabolite enzymes in rat testis
Q67735851,Group accident &amp; health in 1974 by lines
Q67788255,Free amino acids &amp; aminotransferases in the nervous system of the aestivating snail Pila globosa (Swainson)
Q67839532,A biting case &amp; fence jumping
Q67902381,Combined 10pter--&gt;p11 and 18pter--&gt;q11 trisomy in a 7-year-old child
Q67893897,Education and training in biotechnology. Course commentaries around Australia &amp; New Zealand. UNESCO training in Asia. Training Directory
Q67984531,3-D structure of a mutant (Asp101--&gt;Ser) of E.coli alkaline phosphatase with higher catalytic activity
Q68005951,Myths &amp; facts ... about pediatric patients
Q67982209,Role of bacterial flora in the pathogenesis &amp; management of atopic dermatitis
Q67994309,Why did England &amp; Wales suffer accelerated population decline in the late nineteenth century?
Q68111602,Comparative stabilities of glutaraldehyde &amp; heat inactivated pertussis vaccine components of adsorbed DPT vaccine with different preservatives
Q68049184,Helping Ben live &amp; die his way
Q68062394,Relatives have a valuable role to play with patients in A&amp;E
Q68203842,A survey of rugby injuries attending an accident &amp; emergency department
Q68203637,Study of the teratogenic potential of FD &amp; C Yellow No. 5 when given in drinking-water
Q68281962,In vivo and in vitro Studies in a Patient with Cyclical Cushing&amp;rsquo;s Disease Showing Some Responsiveness to Bromocriptine
Q68287524,Subject: posts &amp; cores: state of the art
Q68213432,"The pyruvate kinase of Thermoplasma acidophilum: purification, kinetic characterisation &amp; use as a phylogenetic marker"
Q68313944,Nurse &amp; physician opinion of a modified work week trial
Q68323394,Report on confidential enquiries into maternal deaths in England &amp; Wales 1970-1972
Q26825341,A c.1244G&gt;A (p.Arg415Gln) mutation in SH3BP2 gene causes cherubism in a Turkish family: report of a family with review of the literature
Q26827358,The role of TLR4 896 A&gt;G and 1196 C&gt;T in susceptibility to infections: a review and meta-analysis of genetic association studies
Q26852101,The safety of early laparoscopic cholecystectomy (&lt;48 hours) for patients with mild gallstone pancreatitis: a systematic review of the literature and meta-analysis
Q27002441,The -1082A&gt;G polymorphism in promoter region of interleukin-10 and risk of digestive cancer: a meta-analysis
Q27342302,Observation of B(0) --&gt; D0pi(0) and B(0) --&gt;D(*0)pi(0)
Q27346347,Measurement of the K0 charge radius and a CP-violating asymmetry and a search for CP-violating E1 direct photon emission in the rare decay KL--&gt; pi+ pi- e+ e-
Q27346347,Measurement of the K0 charge radius and a CP-violating asymmetry and a search for CP-violating E1 direct photon emission in the rare decay KL--&gt; pi+ pi- e+ e-
Q27348257,Simultaneous measurement of the ratio R=B(t --&gt; Wb)/B(t --&gt; Wq) and the top-quark pair production cross section with the D0 detector at sqrt(s) = 1.96 TeV
Q27348032,Two-body B meson decays to eta and eta('): observation of B --&gt; eta K*
Q27619291,Relocation of the catalytic carboxylate group in class A beta-lactamase: the structure and function of the mutant enzyme Glu166--&gt;Gln:Asn170--&gt;Asp
Q27766031,Glycerol kinase from Escherichia coli and an Ala65--&gt;Thr mutant: the crystal structures reveal conformational changes with implications for allosteric regulation
Q73031975,Higgs-mediated B0 --> &mgr;(+)&mgr;(-) in minimal supersymmetry
Q73085610,"Generation, Microwave Spectrum, Barrier to Internal Rotation of Methyl Group, and ab Initio MO Calculation of syn-2-Nitrosopropene, syn-CH(2)&dbond;C(CH(3))&bond;N&dbond;O"
Q73561032,Expectations and judgments regarding bystanders&raquo; and victims&laquo; responses to peer aggression among early adolescents
Q74177117,Di-&mgr;-bromo-bis
Q74286885,"A Phase II Randomized Trial of Radium-223 Dichloride, M3814, &Amp; Avelumab in Advanced Metastatic Castrate-Resistant Prostate Cancer (mCRPC)"
Q74321450,Search for the decay K(L) --> pi(0)&mgr;(+)&mgr;(-)
Q74313197,The allyl complex di-&mgr;-chloro-bis
Q74585417,Molecular interactomes: Network-guided cancer prognosis prediction &amp; multi-way chromatin interaction analysis
Q74665564,Monoamines and the isolated auricle of sepia officinalis: are there &bgr;-like receptors in the heart of a cephalopod?
Q74832562,"(Et(4)N)(2)[(Mo(2)O(2)Se(6))(0.20)(Mo(2)O(2)Se(7))(0.18)(Mo(2)O(2)Se(8))(0.62)], a New Dimeric Molybdenum Polyselenide Containing a [Mo(2)O(2)(&mgr;-Se)(2)] Core"
Q74832338,[Pt(2)Cl(2)(&mgr;(2)-O(2))(2)([9]aneN(3))(2)]Cl(2): A Novel Platinum(IV) Dimer with Two Bridging Peroxo Ligands that Provides Insight into the Mechanism of Aerial Oxidation of Platinum(II)
Q74831312,An Unusual Ligand Oxidation by a (&mgr;-eta(2):eta(2)-Peroxo)dicopper Compound: 1 degrees > 3 degrees C-H Bond Selectivity and a Novel Bis(&mgr;-alkylperoxo)dicopper Intermediate
Q74820465,Bis[(&mgr;-chloro)copper(II)] Amethyrin: A Bimetallic Copper(II) Complex of an Expanded Porphyrin
Q74833593,"Cyclic Hydroborate Complexes of Metallocenes. IV. Weak Unsupported Single Hydrogen Bridges in Cp(2)Zr{(&mgr;-H)B(X)CH(2)Ph}{(&mgr;-H)(2)BX} (X = C(5)H(10), C(4)H(8))"
Q74820577,"Et(4)N[Mo(2)O(2)S(2)(&mgr;-O(2)CCF(3))(S(2)P(OEt)(2))(2)], the First Six-Coordinate [Mo(2)O(2)(&mgr;-S)(2)L(2)] Complex (L = Bidentate Sulfido Ligands)"
Q74831716,"First Examples of Dinickel Complexes Containing the N(3)Ni(&mgr;(2)-SR)(3)NiN(3) Core. Synthesis and Crystal Structures of [L(2)Ni(2)][BPh(4)](2) and [L(3)Ni(2)][BPh(4)](2) (L = 2,6-Di(aminomethyl)-4-tert-butyl-thiophenolate)"
Q74820728,"Magnetic Susceptibility Trends in Oxo-Bridged, Dinuclear Chromium(III) Complexes. Crystal Structure of [(tmpa)Cr(&mgr;-O)(&mgr;-CO(3))Cr(tmpa)](ClO(4))(2).2H(2)O"
Q74830006,Magnetic Susceptibility and EPR Spectra of (&mgr;-Hydroxo)bis[pentaamminechromium(III)] Chloride Monohydrate
Q74829555,Metal-Purine Interactions: Homo- and Heterodinuclear Platinum(II) and/or Palladium(II) Complexes of 8-Thiotheophylline. Crystal Structures of [Pt(&mgr;-TT)(dppm)](2).2DMSO and [(dppm)Pt(&mgr;-TT)(2)Pd(dppm)].7H(2)O
Q74834285,Novel Three-Dimensional Cage Assembly of a &mgr;(4)-Carbonato-Bridged Cobalt(II) Compound [Co(2)(bpm)(H(2)O)(2)(CO(3))(OH)]NO(3).4H(2)O
Q74820097,"Preparation, Crystal Structures, and Isomerization of the Tellurium Diimide Dimers RNTe(&mgr;-NR')(2)TeNR (R = R' = (t)Bu; R = PPh(2)NSiMe(3), R' = (t)Bu, (t)Oct): X-ray Structure of the Telluradiazole Dimer [(t)Bu(2)C(6)H(2)N(2)Te](2)"
Q74830523,"Synthesis, Structure, and Magnetic Properties of Low-Valent Triangulo Cobalt-Hydride Clusters [XCo(3)(&mgr;-CO)(3)(PMe(3))(6)]"
Q74830571,Synthesis and Properties of IrRe(2)(&mgr;-H)(2)(CO)(9)(eta(5)-C(9)H(7))
Q74830574,"Synthesis of a &mgr;,eta(2)-Disulfide-Bridged Hexanuclear Ru(II)-Na Cluster Formed from the Reductive Coupling of a &mgr;,eta(1)-Disulfide-Bridged Dinuclear Ru(III) Complex"
Q74830593,"Synthesis, Molecular Structure, and Reactivity of the Tetranuclear Complex [NBu(4)](2)[Pd(4)(&mgr;-PPh(2))(2)(&mgr;-Cl)(4)(C(6)F(5))(4)]. Molecular Structure of [Pd(2)(&mgr;-PPh(2))(C(6)F(5))(2)(bipy)(2)]ClO(4).C(6)H(14)"
Q74832080,"Synthesis and Characterization of New Symmetrical Binucleating Ligands and Their &mgr;-Phenoxo-Bridged Bicopper(II) Complexes: Structural, Electrochemical, and Magnetic Studies"
Q74834590,Synthesis and Structures of Solvated Monoclusters and Bridged Di- and Triclusters Based on the Cubic Building Block [Re(6)(&mgr;(3)-Se)(8)](2+)
Q74834661,"Synthesis, Structure, and Magnetic Properties of (n-Bu(4)N)(2)[{Ni(MeOH)(2)}(2){Mo(NO)}(2)(&mgr;(3)-OH)(2)(&mgr;-OMe)(4){Mo(5)O(13)(OMe)(4)(NO)}(2)], a New Type of Polyoxometalate Incorporating a Rhomb-like Cluster"
Q74831292,X-ray Structure and Raman Spectrum of [Ti(4)(&mgr;(3)-O)(2)(&mgr;(2)-O(i)()Pr)(2)(O(i)()Pr)(8)(acac)(2)]: Presence of a Ti(4)(&mgr;(3)-O)(2)(&mgr;(2)-O(i)()Pr)(2) Ladder-like Core
Q78233602,A Theoretical Investigation of the Renner Interactions and Magnetic Dipole Transitions in the Ã-&Xtilde; Electronic Band System of HO(2)
Q78247267,Effects of exogenous 17(&bgr;)-estradiol on the reproductive physiology and reproductive performance of european starlings (Sturnus vulgaris)
Q79144495,Altarpiece Section: St. George &amp; Dragon
Q21716274,&quot;Portrait of a Young Woman&quot;
Q21716888,&quot;Portrait of a Young Woman&quot;
Q21727710,&quot;Portrait of a Young Woman&quot;
Q27966204,&quot;Portrait of a Young Woman&quot;
Q27974895,&quot;Portrait of I.I. Volkov with the the Order of St. Catherine&quot;
Q27971044,Icon &quot;The Miracle of St. George and the Dragon&quot;
Q28070052,Association between SLCO1B1 -521T&gt;C and -388A&gt;G polymorphisms and risk of statin-induced adverse drug reactions: A meta-analysis
Q28319533,Effect of Long-Term Isolation of the Rat on &lt;i&gt;in vitro &lt;/i&gt;Biosynthesis of Gonadal Steroids from Dehydroepiandrosterone
Q28303966,"Influence on Blood Pressure of Renal Isografts between Spontaneously Hypertensive and Normotensive Rats, Utilizing the F&lt;sub&gt;1&lt;/sub&gt; Hybrids"
Q28386810,Steps to a sustainable public health surveillance enterprise &mdash; a commentary from the international society for disease surveillance
Q29614755,A novel slow (&lt; 1 Hz) oscillation of neocortical neurons in vivo: depolarizing and hyperpolarizing components
Q30853501,Repurposed drugs targeting eIF2&alpha;-P-mediated translational repression prevent neurodegeneration in mice
Q30888599,"Development of a water-soluble, sulfated (1--&gt;3)-beta-D-glucan biological response modifier derived from Saccharomyces cerevisiae"
Q34267429,Localization of the human sex hormone-binding globulin gene (SHBG) to the short arm of chromosome 17 (17p12&rarr;p13)
Q34267429,Localization of the human sex hormone-binding globulin gene (SHBG) to the short arm of chromosome 17 (17p12&rarr;p13)
Q34292706,Human PGM 2 (E. C. 2.7.5.1) mapped to 4pter&rarr;4q25
Q34426514,Assignment of PTK7 encoding a receptor protein tyrosine kinase-like molecule to human chromosome 6p21.1&rarr;p12.2 by fluorescence in situ hybridization
Q34720437,Effects of low-level &alpha;-myosin heavy chain expression on contractile kinetics in porcine myocardium
Q39304148,Effect of centazolone on biogenic amine levels in rat brain &amp; liver
Q39292201,Pharmacokinetic Differences between Single and Multiple Oral Dosing with the Guidance for &lt;i&gt;&amp;beta;&lt;/i&gt;-Adrenoceptor Blockade Assessment
Q39331636,Effect of Infection with &lt;i&gt;Trichinella spiralis&lt;/i&gt; and BCG on Thymic Histology
Q39591449,Bleomycin induced changes in lungs &amp; lymph nodes of guineapigs
Q39563392,Group-Specific Component (Gc) &amp;lsquo;Subtypes&amp;rsquo; of Gc1 by Isoelectric Focusing in US Blacks and Whites
Q39633598,Bone Growth aud Development of Secondary Ossification Centers of Extremities in the Cynomolgus Monkey (&lt;I&gt;Macaca fascicularis&lt;/I&gt;)
Q39628417,Effect of testosterone propionate on electrical activity of brain in intact &amp; gonadectomized rhesus monkeys
Q39613755,Effects of phenylglyoxal on growth &amp; sporulation of Bacillus cereus T
Q39655196,Carbonic anhydrase of human endometrium: biochemical &amp; clinical aspects
Q39782242,Effects of Tetrahydropapaveroline on Dopamine and 5-Hydroxytryptamine Metabolism in Rat Brain &lt;i&gt;in vivo&lt;/i&gt;
Q39792212,Surveillance of Down&amp;rsquo;s Syndrome as a Paradigm of Population Monitoring
Q39828361,Down&amp;rsquo;s Syndrome: Chromosome Analysis of 362 Cases in Hungary
