,title
Erratum,9253
Editorial,7634
Untitled,6683
Correction,6306
Book Reviews,5300
Reviews,4853
Corrigendum,4745
Reply,4660
Subject Files,3801
Preface,3763
General Records,3527
British Medical Journal,3419
Editorial Board,3363
Okänd kvinna,3328
Introduction,3205
Societies and Academies,3160
Letters Sent,3116
Reports of Societies,3054
Issue Information,3017
Author response,2828
Notes,2780
General Correspondence,2700
Okänd man,2666
Our Astronomical Column,2421
Medical News,2356
Landscape,2287
Errata,2276
University and Educational Intelligence,2274
Announcements,2264
Correspondence,2233
Letters Received,2151
Medical Notes in Parliament,2142
Response,2092
[Book Reviews],2079
Invited commentary,2026
Notes on Books,2011
Discussion,2009
Okänd herre,1961
Editorial comment,1865
Notes and News,1827
Forthcoming Events,1722
OBITUARY,1636
Self-Portrait,1620
Book Review,1577
[In Process Citation],1540
Scotland,1497
Foreword,1471
Appointments Vacant,1453
Special Correspondence,1419
Editorial Comment,1393
THE WORLD TODAY,1388
Register of Letters Received,1378
Annotations,1333
Ireland,1316
"Letters, Notes, and Answers to Correspondents",1306
Books Received,1300
Special Orders,1263
Diary of Societies,1250
General Orders,1250
Zonder titel,1242
Reports and other Publications,1241
Corrections,1233
England and Wales,1224
In This Issue,1218
Public Health and Poor-Law Medical Services,1205
Portrait of a Man,1195
Endorsements Sent,1174
Letter to the editor,1158
Current Topics,1149
Obituary,1128
Reviews and Notices,1121
Personal View,1116
Commentary,1100
Obituaries,1093
News,1089
Letters to the Editor,1081
The Week,1069
Självporträtt,1053
Abstracts,1027
Research Items,1022
Landskap,1021
NEWS AND NOTES,1010
Letter to the Editor,975
The Services,969
Scientific Serials,969
REVIEWS,957
In Reply,950
[Obituaries],928
ANNOTATIONS,912
nimetön,904
Worldnet Daily Feed,901
Letters to the editor,878
Surgery,875
The authors reply,870
Registers of Letters Received,862
In reply,860
Portrait of a man,852
Authors' reply,850
ERRATUM,844
Ohne Titel,834
Articles of Significant Interest Selected from This Issue by the Editors,833
Medicine,828
Medicine and Books,809
Nova et Vetera,801
"100TH U.S. CONGRESS, 2D SESSION, 1988, SENATE",801
Official Publications Received,761
Book reviews,753
"Reports and Analyses and Descriptions of New Inventions in Medicine, Surgery, Dietetics, and the Allied Sciences",745
BOOK REVIEWS,739
Medico-Legal and Medico-Ethical,737
Self-portrait,736
Still Life,702
Portrait of a Woman,693
Daily Journals,683
Service Notes,665
Clinical Memoranda,655
Portret van een man,648
Book review,643
The British Medical Journal,634
Composition,625
Corrigenda,625
CORRECTION,622
Correspondence Files,599
Author response image 1. Author response,586
Naval and Military Medical Services,581
Authors' response,577
Letters,576
Press Copies of Letters Sent,574
Seascape,574
Omakuva,569
Vital Statistics,568
"101ST U.S. CONGRESS, 1ST SESSION, 1989, SENATE",567
THE ARMY HOUR,560
Minerva,558
Department of Error,557
News and Notes,555
"100TH U.S. CONGRESS, 1ST SESSION, 1987, SENATE",554
In brief,552
British Medical Association,539
New Appliances and Things Medical,539
Portrait of a Lady,535
Sans titre,524
"100TH U.S. CONGRESS, 1ST SESSION, SENATE",524
Abstract,519
Meetings of Societies,516
Retraction,505
Invited Commentary,504
Editorial Board and the Table of Contents,502
Portret van een onbekende man,498
Letter from Harry S. Truman to Bess W. Truman,494
Zelfportret,485
Table of Contents,481
Telegrams Received,479
Okänd dam,473
Portret van een vrouw,473
In Memoriam,472
Portrait of an unknown man,470
Administrative Files,467
Reports,467
Portrait of a woman,462
Epidemiology Section,462
Program Records,460
Exhibition of Specimens,459
General Files,456
Geographical Notes,451
Author's reply,440
卷首语,438
National Health Service,436
Criminal Case Files,433
Page from Tales of a Parrot (Tuti-nama): text page,429
Index,426
Editorial Notes,425
Publications,423
Proceedings of Learned Societies,421
Front Matter,418
"101ST U.S. CONGRESS, 2D SESSION, 1990, SENATE",416
Our Book Shelf,415
ABSTRACTS,413
Decimal Files,412
Civil Case Files,409
Pilot,398
EDITORIAL,396
Literary Notes,395
[Letters to Editor],395
LITERARY NOTES,390
Telegrams Sent,386
ERRATA,385
Back Matter,385
MEDICO-LEGAL,378
Fragment,373
Special Orders Issued,371
Minutes,369
Autoportret,368
Provincial Medical & Surgical Journal,368
Madonna and Child,367
Classified General Records,363
"LBJ Recording of Telephone Conversation, WH Series, Speaker: MACHINE NOISE, Time: ?",361
Portret van een onbekende vrouw,357
SUBSEQUENT NUREMBERG TRIALS,357
CORRIGENDUM,353
Selbstbildnis,350
Iranian Newsreel,350
Portrait of a Gentleman,348
Buchbesprechung,347
Virgin and Child,342
Portrait of an unknown woman,338
Personal Files,336
Deaths,335
Orders,334
Chronological Files,327
Project Files,327
In Response,326
Criminal Dockets,325
Editor's Note,322
Self Portrait,322
untitled,320
Equity Case Files,316
From the editor,316
Armament Delivery Recording,315
Permanent Orders,313
Central Subject Files,312
Masthead,311
PNAS Plus Significance Statements,309
[Editorial],307
"TELEPIX TELEVISION NEWSREELS, 1948-1953",306
Stilleben,306
投稿须知,305
Painting,304
Short Reviews,304
Vase,300
Landschap,300
Medical Intelligence,299
India,299
The Annunciation,299
Presidential address,298
100 and 50 years ago,297
General Subject Files,295
News and Views,294
General Correspondence Files,294
[Obituary],293
Register of Letters Received and Endorsements Sent,293
Circulars,292
Science News a Century Ago,292
Calendar,291
utan titel,290
Portrait of a lady,290
From the Editor,290
Abstract withdrawn,289
Diary,287
Civil Dockets,286
Points from Foregoing Letters,285
Committee Papers,284
Bibliography,281
Law Case Files,281
Author's response,279
Progress in Surgery,278
Kalpa Sutra,276
Reports of Medical and Surgical Practice in the Hospitals of Great Britain,275
PESSTO spectroscopic classification of optical transients,272
Letter,272
OBITUARIES,272
BOOK REVIEW,270
Administrative Records,269
Muotokuvaluonnos,268
The Crucifixion,265
Transactions of Branches,265
Still life,264
简讯,264
新刊,264
The Story of the Insane from Year to Year,264
Zonder Titel,264
Contributors,263
Dress,263
Bankruptcy Act of 1898 Case Files,262
General and Special Orders,261
"""The Hospital"" Nursing Mirror",259
"99TH U.S. CONGRESS, 1ST SESSION, 1986, SENATE",259
Paysage,258
Petitions for Naturalization,258
Komposition,258
Letters and Endorsements Sent,257
Press Releases,257
Letters and Telegrams Received,256
Medical Societies,256
Georgia O'Keeffe,255
Uden titel,255
News in brief,255
Letters and Telegrams Sent,255
Progress in Medicine,254
Portret mężczyzny,250
Memorandums,250
Maisema,250
General Orders Issued,250
nimetön (maisema),249
Weekly announcement of National Register of Historic Places actions,247
The Hospital Nursing Supplement,246
Guard Reports,245
What's in a name?,244
Stilleven,243
Declarations of Intention for Citizenship,243
Bibliographical notice,242
THE WAR,242
Flowers,242
Krajina,241
Notes on Contributors,239
National Register of Historic Places Registration Form,238
Materia Non Medica,237
Martwa natura,237
Autoportrait,237
Endorsements Sent and Received,236
Focus,236
Bankruptcy Act of 1898 Dockets,236
[News and Views],234
Highlights of this issue,234
编后记,233
"Books, Pamphlets, and Serials Received",232
"Tantric Manuscript ""Sangrahani Sutra""",231
The Plague,229
Winter Landscape,229
Everybody's Page,228
SCIENTIFIC NOTES AND NEWS,228
Telegrams Sent and Received,228
English,228
Review,227
Office Files,227
The author replies,225
The Adoration of the Magi,225
Compositie,224
稿约,224
General Administrative Files,224
Informed consent,223
Pitcher,222
SENATE SELECT COMMITTEE ON SECRET MILITARY ASSISTANCE TO IRAN AND THE NICARAGUAN OPPOSITION,222
Minutes of Meetings,221
Cash Files,221
Obituary Notices,221
DISCUSSION,221
Asetelma,221
Portrait of a Young Man,221
《科学通报》(Chinese Science Bulletin)征稿简则,220
Technical Reports,219
Jar,219
Project 24 - Operation Hardtack (Enewetak/Bikini/Johnnston Island Area) Detonation,218
规划信息,217
Bowl,217
Reading Files,217
Author's Reply,217
Proceedings of the Association,216
Reports and Publications,216
The Authors Reply,216
An Unknown Man,216
In response,215
Case Files,215
Unclassified Central Subject Files,215
Morning Reports,214
Announcement,214
NOTES,213
Country Files,213
Proceedings,213
100 Years Ago,212
In Memoríam,212
UNIVERSITY AND EDUCATIONAL NEWS,211
Kleiner Briefkasten,211
Portret kobiety,210
A hundred years ago,210
In this issue,209
Equity Dockets,208
Monthly Report on the Progress of Therapeutics,208
Author Reply,207
Recent Periodicals,207
University News,206
Recent Books,206
Volume Information,206
Guest Editorial,205
The Reply,205
Program Files,205
The Adoration of the Shepherds,204
Central Files,204
Nature morte,203
Soundings,202
Miehen muotokuva,202
Authors' Reply,202
Current Topics and Events,202
Author Index,202
Dermatology,201
Annual Reports,201
Therapeutics,201
Publications Record Set,201
Exhibition of Patients,200
Association News,199
DOD PRESS BRIEFING,199
ROYAL MEDICAL BENEVOLENT FUND,198
Letter from the editor,198
书讯,197
General Orders and Special Orders,197
LETTERS TO THE EDITOR,197
Law Dockets,197
Naisen muotokuva,196
Supernova 1987A in the Large Magellanic Cloud,195
What is your diagnosis?,195
Comment,195
News of Science,194
Title Page,193
Therapeutic Memoranda,192
Cigar Store Indian,192
Photographs,192
Jug,192
Maria met kind,191
REVIEWS AND NOTICES,191
Porträtt av en man,191
Obstetric Memoranda,191
The Virgin and Child,190
Acknowledgements,190
Unregistered Letters Received,190
Ecce Homo,189
Organization Planning Files,189
Fresco fragment,189
NEWS,188
Interior,188
Influenza,188
Tuberculosis,187
Forord,186
Authors' Response,186
Current readings in nuclear medicine,185
News Items,185
Sarcoidosis,185
Winter,184
Books in brief,183
Landschaft,183
Guest editorial,182
The Holy Family,181
Aarne och Arja,180
Issuances,180
Aarne ja Arja,180
Aarne and Arja,180
Nude,179
Progress of Medical Science,179
Name and Subject Indexes to Registers of Letters Received,178
Pathology in Practice,177
表紙,177
WORLD NEWS TODAY,176
征稿简则,176
Canada,175
CORRESPONDENCE,175
List of Books Received,175
Diseases of Children,174
启事,174
Periodical Literature,173
"General Orders, Special Orders, and Circulars",173
Pathology,173
The British Association,172
Portrait de femme,171
Candlestick,170
The authors respond,170
Reflections,168
Medical Jurisprudence,168
Current awareness on yeast,166
[Short Reviews],166
News at a glance,165
Homestead Final Certificates,165
"101TH U.S. CONGRESS, 1ST SESSION, 1989, SENATE",165
Publications Received,164
ECGs in the ED,163
Sketch,163
Hospital Meetings,163
Addendum,162
Editor's note,162
Berichtigung,161
Cover,161
[Short Notices],161
Fresco,160
Adoration of the Magi,160
APPOINTMENTS VACANT,159
Current Medical Topics,159
Abortion,159
From the Food and Drug Administration,159
Copies of Letters Sent,159
News in Brief,159
Notes and news,159
Parliament in Britain,158
Self portrait,158
Committee Files,158
CORRECTIONS,158
Bankruptcy Adversary Case Files,158
Occasional Periscope of Dermatology,157
Sketch for a Portrait,156
新议篇,156
Pietà,156
Bildnis eines Mannes,156
Skiss till porträtt,156
Surgical Memoranda,155
Malaria,155
Bulletin,155
St. George's Hospital,155
Author reply,155
Pejzaż,155
Command Reports,154
FORTHCOMING EVENTS,154
Okänd officer,154
Epilepsy,153
Personal Papers,152
Coverlet,152
INFECTIOUS diseases and vital statistics,152
General Orders and Circulars,152
Canceled Homestead Files,151
Content,151
50 & 100 Years Ago,151
Spring,150
Front Cover,150
Euthanasia,149
Equivalent,149
INDEX,149
Proceedings of Societies,148
Personnel Files,148
Notes of the quarter,148
Zoological Society,148
Modern Sociology,148
NEWS OF THE WORLD,147
Journals,147
Chair,147
Mother and Child,147
Intelligence,146
Reviews of Books,146
Abstractions,146
Research highlights,145
A Correction,145
编者的话,145
Register of Complaints,144
Epidemiology,144
From the Editors,144
[ [In Process Citation],144
Diagnostic and therapeutic challenges,143
Events,143
To the Editor,143
LEADING ARTICLES,142
Hypertension,142
公告,142
Sommitelma,142
Madonna,142
Charges and Specifications for Cases Tried by the Judge Advocate of the Summary Court,141
Portrait of a Young Woman,141
Conclusion,141
"Books, Pamphlets and Serials Received",141
Supplemental Register of Letters Received,140
Plate,140
Zátišie,139
Muster Rolls,139
Innehållsförteckning,139
"LBJ Recording of Telephone Conversation, WH Series, Speaker: TELEPHONE OPERATOR, Time: ?",139
Current Literature,138
Sisällysluettelo,138
Osteoporosis,137
Proceedings of the Board of Enrollment,137
National Register of Historic Places Inventory — Nomination Form,137
Endocrine-related resources from the National Institutes of Health,137
Crock,137
Lamp,136
Book Notices,136
Head of a Woman,136
Medlemsblad,135
Construction Notes,135
The Nativity,135
President's message,134
Findings of Research Misconduct,134
Classified Central Subject Files,134
From the editors,134
The Beat,134
Shawabty of Ditamenpaankh,134
Apprehension Of Suspected War Criminals,133
Obesity,133
Pulmonary embolism,133
???,133
Kalpasutra,132
Sidelines,132
Crucifixion,132
Miscellaneous,132
Transactions of Medical Societies,132
British Diary,132
Books received,131
Record of Bibliography and Library Literature,131
Unknown man,130
[Interpretation of radiographs],130
Kompozycja,130
Practical Notes on Diagnosis and Treatment,130
In memoriam,130
Rheumatoid arthritis,129
Other notices,129
Summer,129
Our Bookshelf,129
Sampled Non Trial Bankruptcy Case Files,129
Asthma,129
In Brief,129
Index of suspicion,129
Cholera,128
From the Editor's Desk,128
Ophthalmology,128
Current awareness in prenatal diagnosis,127
The Last Supper,127
Portrait of a Boy,126
Nimetön,126
Letter from the Editor,126
Historical Files,126
Marine,126
Autoportrét,126
Multiple sclerosis,126
Technical Report Record Files,125
Budgetary Records,125
Practical Departments,125
Portrait d'homme,125
Contract Medical Practice,124
Portrait of a young man,124
Physiology,124
50 & 100 years ago,123
Forum,123
Venus,123
Autumn,123
Okänd präst,122
River Landscape,122
Perspectives,122
Acute pancreatitis,122
Logbooks,122
Organizational History Files,121
Correspondence and Reports,121
Low back pain,121
经纬新议,121
Medical Education,121
Breast cancer,120
Bibliography of toxinology,120
Notices,120
Selvportræt,120
Research Highlights,120
Sampler,120
Switzerland,120
Circumcision,120
Around the Hospitals,120
Current Research,120
Commentaries,119
Highlights from this issue,119
Name and Subject Index to Letters Sent,119
Nuoren naisen muotokuva,119
Case for diagnosis,118
Bildnis eines jungen Mannes,118
Literatur,117
New Products,117
Krajobraz,117
Speech Files,117
Taxonomic Abstract for the species,116
MEDICO-METEOROLOGICAL OBSERVATIONS,116
Directives,116
Italian Landscape,116
news in brief,116
Operating Budget Files,116
General Retrospect,116
What Is Your Diagnosis?,115
《科学通报》征稿简则,115
Greatest Hits,115
Decimal Correspondence Files,115
Glaucoma,115
TODAY IN EUROPE,115
Presidential Address,115
Endometriosis,114
The reply,114
Book Chronicle,114
"Hospital Meetings, &c",114
NASA Update,114
St. Nicholas,114
An Unknown Lady,114
Information,114
"Tantric Manuscript, ""Sangrahani Sutra""",114
Recent Books and Periodicals,113
期刊简介,113
Maria mit dem Kind,113
Diabetic retinopathy,113
Unknown woman,113
Poliomyelitis,113
People,113
Proceedings of the Society of Antiquaries,112
Head,112
Scientific Abstracts,112
给《法学》投稿请在电子邮箱主题栏写明姓名和文章标题,112
Monthly Returns,112
Bibliographical Record,112
Abstraction,112
Saint Jerome,112
Leprosy,112
Mountain Landscape,111
Proceedings of the Congress,111
New York,111
Porträtt av en kvinna,111
Notes and Queries,111
Psoriasis,111
General Minutes,111
Author's Response,110
Diseases of the Ear,110
Portrait of a Girl,110
Glances at the Hospitals,110
Fifty Years Ago,110
The Entombment,110
Public health round-up,110
"Reports and Analyses and Descriptions of New Inventions, in Medicine, Surgery, Dietetics, and the Allied Sciences",110
A reply,110
Findings of scientific misconduct,110
PRESIDENT HARRY S. TRUMAN,109
Tetanus,109
Profiles,109
The Flight into Egypt,109
《知识管理论坛》征稿启事,109
Inspection Reports,108
Pediatric emergency medicine: legal briefs,108
The Weathervane,108
Hospital Reports,108
Sketchbook,108
Editorial board,108
PRESIDENT DWIGHT D. EISENHOWER PRESS CONFERENCE,108
Historical Bankruptcy Case Files,108
Registers of Letters Received and Endorsements Sent,107
Adam and Eve,107
Landscape with Figures,107
Desk Files,107
Science in culture,107
Alcoholism,107
Letters and Orders Received,107
Chemistry,107
Headache,107
From the Editor-in-Chief,107
For the record,107
Screening for colorectal cancer,106
Medical Register of Examinations of Recruits and Substitutes,106
George Washington,106
Two minutes with diabetes,106
100 years ago,106
New Books,106
Subject Index,106
Astronomical Topics,105
Register of Charges and Specifications for Cases Tried by the Judge Advocate of the Summary Court,105
Classified Subject Files,105
Mirror,105
Viral hepatitis,105
Chronic fatigue syndrome,105
Motion Picture Films,105
Author`s Reply,105
Side Chair,105
Porträtt av en ung dam,105
Medal,104
CALIFORNIA MEDICAL ASSOCIATION,104
NOTES AND NEWS,104
Editorial Note,104
Beweinung Christi,104
Instruction Files,104
Bulletins,104
Systemic lupus erythematosus,104
主持人的话,104
Foreign Department,104
Petitions for Naturalization Transferred from Other Courts,104
Orders Received,103
Publication Record Set Files,103
Ectopic pregnancy,103
Textile,102
Periscope: Surgery,102
Portrait of a young woman,102
Multiple myeloma,102
Provincial Medical Journal,102
Author index,102
Schizophrenia,102
Descriptive Book,102
Admiralty Case Files,101
The Lamentation,101
文摘,101
Record Cards for the General Correspondence,101
Law and Equity Dockets,101
Notes on Preparations for the Sick,101
Registered Letters Received,101
Abstract not submitted for online publication,101
Issue information,101
Hamlet,101
Food for thought,101
Closed Project Files,101
Buchbesprechungen,101
《世界经济》征稿启事,101
Literarisches,101
Neuroleptic malignant syndrome,101
landscape,100
This Month in the,100
Doll,100
Name and Subject Indexes to Letters Sent,100
Descriptive Books,100
EKG of the month,100
INDEX OF SURGICAL PROGRESS,100
Books and Pamphlets Received,99
Paris,99
Saint Sebastian,99
Briefly,99
Subject Correspondence Files,99
Trivet,99
Migraine,99
Winterlandschap,99
Cover Image,98
Aurora,98
Bibliography. Current world literature,98
Supernovae,98
Editors' Note,98
University Events,98
Project Control Files,98
Venice,98
Portrait of a young lady,98
Rehabilitation,98
Security Classified General Records,98
"News, Notes, and Queries",97
Evening,97
Anorexia nervosa,97
VITAL STATISTICS,97
Author Response,97
"Letters, Reports, and Other Records",97
Materia Medica and Therapeutics,97
Saint John the Baptist,97
Bildnis einer Dame,96
Bibliographical Notices,96
General and Special Orders Issued,96
Christ on the Cross,96
Conclusions,96
Sudden infant death syndrome,96
敬告作者,96
序,96
Psychiatry,96
读者·作者·编者,96
Quilt,96
Reply to the editor,95
Editorial note,95
Antiquarian Intelligence,95
[Trial of device that is not approved or cleared by the U.S. FDA],95
News Releases,95
Legend of Durga,95
Acute renal failure,95
Record Book,95
Project 30-65 - Operation Plumbob (Nevada Test Site) Detonation,95
[Acute pancreatitis],94
Landscapes,94
Mandsportræt,94
Retraction notice,94
Neurology,94
Enuresis,94
Bibliography of the current world literature in hypertension,94
Budget Files,94
Depression,94
Minutes of the Proceedings,94
Home,94
Malignant hyperthermia,94
Urology,93
Medico-Chirurgical Society of Edinburgh,93
Canceled Timber Culture Files,93
Newspaper Clippings,93
Malignant melanoma,93
Bibliographical Notes,93
Sunset,93
Armchair,93
Porträtt av en dam,93
Portrait of a girl,93
Homecoming,92
Toxoplasmosis,92
Medical Register of Examinations of Enrolled Men,92
"Appointments, Leave, &c",92
Weather Vane,92
De kruisiging,92
Diabetes mellitus,92
Lung cancer,92
Lyme disease,92
Portret van een jonge vrouw,92
Arrow Point,91
Carpal tunnel syndrome,91
Extra Supplement-The Nursing Mirror,91
新书架,91
Orders Issued,91
Project 30-18 -  Operation Upshot/Knothole (Nevada Test Site) Detonation,91
Annual acknowledgement of manuscript reviewers,91
Medical education,91
"Current Topics, Etc",91
Bronchiectasis,91
Program Subject Files,91
Reclining Nude,91
学术动态,90
Chapter 12 Bankruptcy Case Files,90
Ulcerative colitis,90
Myasthenia gravis,90
OUP accepted manuscript,90
Portrait,90
PERISCOPIC REVIEW,90
Press Clippings,90
Lucretia,90
《光学学报》投稿须知,90
Notes on contributors,90
General discussion,89
Trees,89
Monthly Reports,89
Note,89
WORLD NEWS TONIGHT,89
Carnaval,89
On the move,89
Alzheimer's disease,89
Micro-Painting,88
Meeting Minutes,88
Meeting Files,88
College Art Association of America,88
Cystic fibrosis,88
Endorsements,88
Peer review,88
封面说明,88
Wreck Reports,88
Энциклопедический словарь,88
Bez názvu,87
Plant Cuttings,87
REPORTS and other PUBLICATIONS,87
Spur,87
Erratum: Corrigendum,87
Name and Subject Index to Register of Letters Received,87
Bibliography of the current world literature,87
Nocturne,86
《化学进展》征稿简则,86
Education,86
Atherosclerosis: cell biology and lipoproteins,86
Back matter,86
Adoration of the Shepherds,86
-,86
President's address,85
编后,85
[What is your diagnosis?],85
Utan titel,85
Kytica,85
Still Life with Fruit,84
Library Catalogues,84
Literature,84
《地球物理学报》稿约,84
Dem Herausgeber zugesandte Schriften,84
Midwifery,84
Cancer,84
Vinterlandskap,84
Box,84
Frontispiece,84
Meeting Minute Files,84
The Authors Respond,83
编者之声,83
Hot off the press,83
Osteoarthritis,83
Subway Portrait,83
Atopic dermatitis,83
Inflammatory bowel disease,83
Dockets,83
Irritable bowel syndrome,83
Acknowledgments,83
Facts and ideas from anywhere,83
Chest,83
Lucina,83
Resources,83
Equity Minutes,83
Clinicopathologic conference,83
Litigation Case Files,83
The Baptism of Christ,83
Response to Letter to the Editor,82
Sampled Non Trial Adversary Case Files,82
Hospital Construction,82
"List of new names and new combinations previously effectively, but not validly, published",82
Dentistry on stamps,82
Laparoscopic cholecystectomy,82
Gateways to clinical trials,82
Teapot,82
St. Bartholomew's Hospital,82
Program Correspondence Files,81
President's Address,81
Rose,81
Forest,81
Prostate cancer,81
Meetings,81
References,81
Talvimaisema,81
Appendicitis,81
Electrocardiogram of the month,81
Still Life with Flowers,81
Head of a Man,81
Carbon monoxide poisoning,80
Tree,80
Notice of retraction,80
正誤,80
Page from a Dispersed Kalpa Sutra (Jain Book of Rituals),80
New nucleotide sequence data on the EMBL File Server,80
Rabies,80
"ROOSEVELT, FRANKLIN DELANO",80
Criminal Minutes,80
Reply by the authors,80
Correspondence and Related Records,80
Portrét muža,80
欢迎订阅《世界经济》,80
President's page,80
Intestinal obstruction,80
Opinion,80
Diabetes,80
[Diabetes and pregnancy],79
General Dockets,79
Pheochromocytoma,79
Editor's preface,79
Bandbox,79
St. Mary's Hospital,79
