Q40039568	P1476	"Seroprevalence and risk factors for Coxiella burnetii, the causative agent of Q fever in the dromedary camel (Camelus dromedarius) population in Algeria"	qal6833	"Seroprevalence and risk factors for <i>Coxiella burnetii</i>, the causative agent of Q fever in the dromedary camel (<i>Camelus dromedarius</i>) population in Algeria"
Q41900392	P1476	"Le Manul Otocolobus manul (Pallas 1776): Son caryotype et sa position dans la classification des Félidés"	qal6833	"Le Manul <i>Otocolobus manul</i> (Pallas 1776): Son caryotype et sa position dans la classification des Félidés"
Q43378062	P1476	"Olpium L. Koch, 1873 (Arachnida, Pseudoscorpionida, Olpiidae): proposed designation of type species and related problems. Z. N. (S.) 2484"	qal6833	"<i>Olpium</i> L. Koch, 1873 (Arachnida, Pseudoscorpionida, Olpiidae): proposed designation of type species and related problems. Z. N. (S.) 2484"
Q47011982	P1476	"First records of Hypsugo joffrei (Thomas, 1915) and the revision of Philetor brachypterus (Temminck, 1840) specimens (Chiroptera: Vespertilionidae) from the Indian Subcontinent"	qal6833	"First records of <i>Hypsugo joffrei</i> (Thomas, 1915) and the revision of <i>Philetor brachypterus</i> (Temminck, 1840) specimens (Chiroptera: Vespertilionidae) from the Indian Subcontinent"
Q48168545	P1476	"Laser-induced changes of nonlinear electronic transport properties in La0.75Ba0.25MnO3 and (La0.6Pr0.4)0.67Ca0.33MnO3."	qal6833	"Laser-induced changes of nonlinear electronic transport properties in La<sub>0.75</sub>Ba<sub>0.25</sub>MnO<sub>3</sub> and (La<sub>0.6</sub>Pr<sub>0.4</sub>)<sub>0.67</sub>Ca<sub>0.33</sub>MnO<sub>3</sub>."
Q48168545	P1476	"Laser-induced changes of nonlinear electronic transport properties in La0.75Ba0.25MnO3 and (La0.6Pr0.4)0.67Ca0.33MnO3."	qal6833	"Laser-induced changes of nonlinear electronic transport properties in La<sub>0.75</sub>Ba<sub>0.25</sub>MnO<sub>3</sub> and (La<sub>0.6</sub>Pr<sub>0.4</sub>)<sub>0.67</sub>Ca<sub>0.33</sub>MnO<sub>3</sub>."
Q49716443	P1476	"Room-temperature superparamagnetism due to giant magnetic anisotropy in MoS defected single-layer MoS2."	qal6833	"Room-temperature superparamagnetism due to giant magnetic anisotropy in Mo<sub>S</sub> defected single-layer MoS<sub>2</sub>."
Q51054651	P1476	"Die Entdeckung neuer Arten ungeflügelter terrikoler Insekten in alpinen und hochalpinen Biotopen der Alpen (Coleoptera, Staphylinidae, Grossgattung Leptusa Kraatz)"	qal6833	"Die Entdeckung neuer Arten ungeflügelter terrikoler Insekten in alpinen und hochalpinen Biotopen der Alpen (Coleoptera, Staphylinidae, Grossgattung <i>Leptusa</i> Kraatz)"
Q51048434	P1476	"A new species of Oligota (Coleoptera, Staphylinidae) from Marocco"	qal6833	"A new species of <i>Oligota</i> (Coleoptera, Staphylinidae) from Marocco"
Q51048434	P1476	"A new species of Oligota (Coleoptera, Staphylinidae) from Marocco"	qal6833	"A new species of <i>Oligota</i> (Coleoptera, Staphylinidae) from Marocco"
Q52382497	P1476	"Modelling end-pumped passively Q-switched Nd-doped crystal lasers: manifestation by a Nd:YVO4/Cr4+:YAG system with a concave-convex resonator."	qal6833	"Modelling end-pumped passively Q-switched Nd-doped crystal lasers: manifestation by a Nd:YVO<sub>4</sub>/Cr<sup>4+</sup>:YAG system with a concave-convex resonator."
Q52627478	P1476	"HIV-1 genetic diversity in recently diagnosed infections in Moscow: predominance of AFSU, frequent branching in clusters, and circulation of the Iberian subtype G variant."	qal6833	"HIV-1 genetic diversity in recently diagnosed infections in Moscow: predominance of A<sub>FSU</sub>, frequent branching in clusters, and circulation of the Iberian subtype G variant."
Q53462420	P1476	"Two novel and critically endangered subspecies of Nasa humboldtiana (Loasaceae) from Peru"	qal6833	"Two novel and critically endangered subspecies of <I>Nasa humboldtiana</I> (<I>Loasaceae</I>) from Peru"
Q53826561	P1476	"<title>Laser action comparison of Nd<formula><roman>3+</roman></formula> in YAG and KGW crystals pumped longitudinally by diode lasers</title>"	qal6833	"<title>Laser action comparison of Nd<formula><sup><roman>3+</roman></sup></formula> in YAG and KGW crystals pumped longitudinally by diode lasers</title>"
Q54086931	P1476	"The Diet of Galapagos sperm whales Physeter macrocephalus as indicated by fecal sample analysis"	qal6833	"The Diet of Galapagos sperm whales <i>Physeter macrocephalus</i> as indicated by fecal sample analysis"
Q54430277	P1476	"Studies on the Constituents in the Roots of Cassia obtusifolia L. and the Antimicrobial Activities of Constituents of the Roots and the Seeds"	qal6833	"Studies on the Constituents in the Roots of <I>Cassia obtusifolia</I> L. and the Antimicrobial Activities of Constituents of the Roots and the Seeds"
Q54430277	P1476	"Studies on the Constituents in the Roots of Cassia obtusifolia L. and the Antimicrobial Activities of Constituents of the Roots and the Seeds"	qal6833	"Studies on the Constituents in the Roots of <I>Cassia obtusifolia</I> L. and the Antimicrobial Activities of Constituents of the Roots and the Seeds"
Q54551078	P1476	"Lorenzia (Araceae - Spathicarpeae): A New Genus from Northern Brazil Supported by matK Sequence Data"	qal6833	"<I>Lorenzia</I> (Araceae - Spathicarpeae): A New Genus from Northern Brazil Supported by <I>matK</I> Sequence Data"
Q54552579	P1476	"On the Taxonomy and Phylogenetic Position of Thomandersia"	qal6833	"On the Taxonomy and Phylogenetic Position of <I>Thomandersia</I>"
Q54538643	P1476	"Phylogenetic Relationships of Notaticus (Coleoptera: Dytiscidae) Based on Larval Morphology"	qal6833	"Phylogenetic Relationships of <I>Notaticus</I> (Coleoptera: Dytiscidae) Based on Larval Morphology"
Q54636901	P1476	"A New Species and a Molecular Phylogenetic Analysis of the Antarctic Fish Genus Pogonophryne (Notothenioidei: Artedidraconidae)"	qal6833	"A New Species and a Molecular Phylogenetic Analysis of the Antarctic Fish Genus <i>Pogonophryne</i> (Notothenioidei: Artedidraconidae)"
Q54577662	P1476	"The goblin spider genus Ischnothyreus (Araneae, Oonopidae) in the New World"	qal6833	"The goblin spider genus <i>Ischnothyreus</i> (Araneae, Oonopidae) in the New World"
Q54656076	P1476	"Revision of the Palaearctic rove beetles of the genus Megarthrus Curtis (Coleoptera: Staphylinidae: Proteininae)"	qal6833	"Revision of the Palaearctic rove beetles of the genus <i>Megarthrus</i> Curtis (Coleoptera: Staphylinidae: Proteininae)"
Q55757900	P1476	"La defernite, Ca6(CO3)2(OH,Cl)8·nH2O, un nouveau carbonate de calcium chloro-hydroxylé"	qal6833	"La defernite, Ca<sub>6</sub>(CO<sub>3</sub>)<sub>2</sub>(OH,Cl)<sub>8</sub>·nH<sub>2</sub>O, un nouveau carbonate de calcium chloro-hydroxylé"
Q55883031	P1476	"What is for dinner? First report of human blood in the diet of the hairy-legged vampire bat Diphylla ecaudata"	qal6833	"What is for dinner? First report of human blood in the diet of the hairy-legged vampire bat <i>Diphylla ecaudata</i>"
Q56024630	P1476	"Zwei neue Ausobskya-Arten aus Griechenland: A. mahnerti sp. n. und A. hauseri sp. n. (Arachnoidea, Opiliones)"	qal6833	"Zwei neue <i>Ausobskya</i>-Arten aus Griechenland: <i>A. mahnerti</i> sp. n. und <i>A. hauseri</i> sp. n. (Arachnoidea, Opiliones)"
Q42697404	P1476	"Alectopsylla unisetosa nov. gen., nov. spec. (Siphonaptera, Ischnopsyllidae) from Argentina."	qal6833	"<i>Alectopsylla unisetosa</i> nov. gen., nov. spec. (Siphonaptera, Ischnopsyllidae) from Argentina."
Q56001080	P1476	"The Anatomy of Effigia okeeffeae (Archosauria, Suchia), Theropod-like Convergence, and the Distribution of Related Taxa"	qal6833	"The Anatomy of <i>Effigia okeeffeae</i> (Archosauria, Suchia), Theropod-like Convergence, and the Distribution of Related Taxa"
Q56034746	P1476	"The systematic position of the Amazonian species of Albiorix (Pseudoscorpiones, Ideoroncidae)"	qal6833	"The systematic position of the Amazonian species of <i>Albiorix</i> (Pseudoscorpiones, Ideoroncidae)"
Q56021831	P1476	"Un Metastivalius nouveau de Nouvelle-Irlande (Siphonaptera, Pygiopsyllidae)"	qal6833	"Un <i>Metastivalius</i> nouveau de Nouvelle-Irlande (Siphonaptera, Pygiopsyllidae)"
Q56023435	P1476	"Diploures Campodéidés (Insectes) de Grèce (1ère note)"	qal6833	"Diploures Campodéidés (Insectes) de Grèce (1<sup>ère</sup> note)"
Q56072476	P1476	"Nouvelles espèces asiatiques du genre Bryaxis et quelques données sur des espèces connues (Coleoptera: Staphylinidae: Pselaphinae)"	qal6833	"Nouvelles espèces asiatiques du genre <i>Bryaxis</i> et quelques données sur des espèces connues (Coleoptera: Staphylinidae: Pselaphinae)"
Q56785462	P1476	"The use of molecular and morphological characters to resolve the taxonomic identity of cryptic species: the case of Miniopterus manavi (Chiroptera, Miniopteridae)"	qal6833	"The use of molecular and morphological characters to resolve the taxonomic identity of cryptic species: the case of <i>Miniopterus manavi</i> (Chiroptera, Miniopteridae)"
Q57498448	P1476	"Effects of Salinity on Survival and Growth of Gurami Sago (Osphronemus goramy, Lacepède, 1801) Juveniles"	qal6833	"Effects of Salinity on Survival and Growth of Gurami Sago (<I>Osphronemus goramy</I>, Lacepède, 1801) Juveniles"
Q60151757	P1476	"New species of Pogonophryne (Pisces, Artedidraconidae) from the Bellingshausen Sea, Antarctica"	qal6833	"New species of <i>Pogonophryne</i> (Pisces, Artedidraconidae) from the Bellingshausen Sea, Antarctica"
Q60287618	P1476	"Plasmonic enhancement of second harmonic generation from nonlinear RbTiOPO4 crystals by aggregates of silver nanostructures"	qal6833	"Plasmonic enhancement of second harmonic generation from nonlinear RbTiOPO<sub>4</sub> crystals by aggregates of silver nanostructures"
Q61466180	P1476	"A Swiss record of Oxycarenus pallens (Herrich-Schäffer, 1850) (Hemiptera: Heteroptera, Lygaeidae)"	qal6833	"A Swiss record of <i>Oxycarenus pallens</i> (Herrich-Schäffer, 1850) (Hemiptera: Heteroptera, Lygaeidae)"
Q61994430	P1476	"Kala-Azar in Madras, especially with regard to its connexion with the dog and the bug (Conorrhinus)."	qal6833	"Kala-Azar in Madras, especially with regard to its connexion with the dog and the bug (<i>Conorrhinus</i>)."
Q56024542	P1476	"Microplana mahnerti n. sp., a new Terrestrial Planarian from Jura Mts. (Turbellaria Tricladida Rhynchodemidae)"	qal6833	"<i>Microplana mahnerti</i> n. sp., a new Terrestrial Planarian from Jura Mts. (Turbellaria Tricladida Rhynchodemidae)"
Q64157095	P1476	"Microsomacanthus kaulobatroni n. sp. et Wardium neotropicale n. sp. parasites d'Himantopus melanurus du Paraguay"	qal6833	"<i>Microsomacanthus kaulobatroni</i> n. sp. et <i>Wardium neotropicale</i> n. sp. parasites d'</i>Himantopus melanurus</i> du Paraguay"
Q65953939	P1476	"Morphology and mitochondrial DNA sequences show that Plecotus alpinus Kiefer & Veith, 2002 and Plecotus microdontus Spitzenberger, 2002 are synonyms of Plecotus macrobullaris Kuzjakin, 1965"	qal6833	"Morphology and mitochondrial DNA sequences show that <i>Plecotus alpinus</i> Kiefer & Veith, 2002 and <i>Plecotus microdontus</i> Spitzenberger, 2002 are synonyms of <i>Plecotus macrobullaris</i> Kuzjakin, 1965"
Q65993448	P1476	"Systematic status of African populations of long-eared bats, genus Plecotus (Mammalia: Chiroptera)"	qal6833	"Systematic status of African populations of long-eared bats, genus <i>Plecotus</i> (Mammalia: Chiroptera)"
Q66107364	P1476	"Plecotus macrobullaris – new bat species for Albanian fauna (Chiroptera: Vespertilionidae)"	qal6833	"<i>Plecotus macrobullaris</i> – new bat species for Albanian fauna (Chiroptera: Vespertilionidae)"
Q66133498	P1476	"On the phylogeny of Miniopterus schreibersii schreibersii and Miniopterus schreibersii pallidus from Asia Minor in reference to other Miniopterus taxa (Chiroptera: Vespertilionidae)"	qal6833	"On the phylogeny of <i>Miniopterus schreibersii schreibersii</i> and <i>Miniopterus schreibersii pallidus</i> from Asia Minor in reference to other <i>Miniopterus</i> taxa (Chiroptera: Vespertilionidae)"
Q66124417	P1476	"Use of vision in prey detection by brown long-eared bats, Plecotus auritus"	qal6833	"Use of vision in prey detection by brown long-eared bats, <i>Plecotus auritus</i>"
Q66106811	P1476	"Situazione del genere Plecotus (Chiroptera) nel Cantone Ticino (Svizzera)"	qal6833	"Situazione del genere <i>Plecotus</i> (Chiroptera) nel Cantone Ticino (Svizzera)"
Q66742304	P1476	"Identification of Hippolais warblers"	qal6833	"Identification of <i>Hippolais</i> warblers"
Q68139987	P1476	"MOIRCS deep survey. II. Clustering properties of K-band selected  galaxies in GOODS-north region"	qal6833	"MOIRCS deep survey. II. Clustering properties of <i>K</i>-band selected  galaxies in GOODS-north region"
Q70579740	P1476	"Las revistas Militancia Peronista para la Liberación y De Frente, con las Bases Peronistas: una propuesta "alternativa" para la identidad política del peronismo revolucionario, 1973-1974"	qal6833	"Las revistas <i>Militancia Peronista para la Liberación</i> y <i>De Frente, con las Bases Peronistas</i>: una propuesta "alternativa" para la identidad política del peronismo revolucionario, 1973-1974"
Q70579740	P1476	"Las revistas Militancia Peronista para la Liberación y De Frente, con las Bases Peronistas: una propuesta "alternativa" para la identidad política del peronismo revolucionario, 1973-1974"	qal6833	"Las revistas <i>Militancia Peronista para la Liberación</i> y <i>De Frente, con las Bases Peronistas</i>: una propuesta "alternativa" para la identidad política del peronismo revolucionario, 1973-1974"
Q74827375	P1476	"Integrated process and solvent design for CO2 capture using Continuous Molecular Targeting - Computer Aided Molecular Design (CoMT-CAMD)"	qal6833	"Integrated process and solvent design for CO<sub>2</sub> capture using Continuous Molecular Targeting - Computer Aided Molecular Design (CoMT-CAMD)"
Q74827118	P1476	"Next Generation Automotive DeNOX Catalysts: Ceria What Else?"	qal6833	"Next Generation Automotive DeNO<sub>X</sub> Catalysts: Ceria What Else?"
Q30658047	P1476	"Proposal of the genera Anaerococcus gen. nov., Peptoniphilus gen. nov. and Gallicola gen. nov. for members of the genus Peptostreptococcus"	qal6833	"Proposal of the genera <i>Anaerococcus</i> gen. nov., <i>Peptoniphilus</i> gen. nov. and <i>Gallicola</i> gen. nov. for members of the genus <i>Peptostreptococcus</i>"
Q30927424	P1476	"Mitochondrial phylogeography of the long-eared bats (Plecotus) in the Mediterranean Palaearctic and Atlantic Islands"	qal6833	"Mitochondrial phylogeography of the long-eared bats (<i>Plecotus</i>) in the Mediterranean Palaearctic and Atlantic Islands"
Q35752777	P1476	"Pantoea intestinalis sp. nov., isolated from the human gut"	qal6833	"<i>Pantoea intestinalis</i> sp. nov., isolated from the human gut"
Q38872779	P1476	"Scheme for generating distillation-favorable continuous-variable entanglement via three concurrent parametric down-conversions in a single χ(2) nonlinear photonic crystal."	qal6833	"Scheme for generating distillation-favorable continuous-variable entanglement via three concurrent parametric down-conversions in a single χ<sup>(2)</sup> nonlinear photonic crystal."
Q38925348	P1476	"The Influence of Co-Ligands on Improving Tumor Targeting of 99mTc-HYNIC Conjugated Peptides."	qal6833	"The Influence of Co-Ligands on Improving Tumor Targeting of <sup>99m</sup>Tc-HYNIC Conjugated Peptides."
Q39172608	P1476	"Deaths in Unlicensed Alcohol Rehabilitation Facilities†,‡"	qal6833	"Deaths in Unlicensed Alcohol Rehabilitation Facilities<sup>†,‡</sup>"
Q39927725	P1476	"Effect of Triiodothyronine or Iodide on the Thyroidal Secretion In Vitro: Inhibition of TSH-and Dibutyryl-Cyclic-AMP Induced Endocytosis"	qal6833	"Effect of Triiodothyronine or Iodide on the Thyroidal Secretion <I>In Vitro</I>: Inhibition of TSH-and Dibutyryl-Cyclic-AMP Induced Endocytosis"
Q39904282	P1476	"The Sensitivity of Staphylococcus aureus 79 and 80, and Escherichia coli 95 to Sodium Salicylate, Nicotinaldehyde Singly, and in Combination with Nicotinic Acid or Nicotinamide"	qal6833	"The Sensitivity of <i>Staphylococcus aureus</i> 79 and 80, and <i>Escherichia coli</i> 95 to Sodium Salicylate, Nicotinaldehyde Singly, and in Combination with Nicotinic Acid or Nicotinamide"
Q56748462	P1476	"A new method for atmospheric detection of the CH3O2 radical"	qal6833	"A new method for atmospheric detection of the CH<sub>3</sub>O<sub>2</sub> radical"
Q56748999	P1476	"A new method for atmospheric detection of the CH3O2 radical"	qal6833	"A new method for atmospheric detection of the CH<sub>3</sub>O<sub>2</sub> radical"
Q56748367	P1476	"An intercomparison of HO2 measurements by fluorescence assay by gas expansion and cavity ring-down spectroscopy within HIRAC (Highly Instrumented Reactor for Atmospheric Chemistry)"	qal6833	"An intercomparison of HO<sub>2</sub> measurements by fluorescence assay by gas expansion and cavity ring-down spectroscopy within HIRAC (Highly Instrumented Reactor for Atmospheric Chemistry)"
Q56991014	P1476	"DO3SE modelling of soil moisture to determine ozone flux to forest trees"	qal6833	"DO<sub>3</sub>SE modelling of soil moisture to determine ozone flux to forest trees"
Q56992580	P1476	"Matrix metalloproteinase-2 and -9 secretion by the human JAR choriocarcinoma cell line is stimulated by TNF-α"	qal6833	"Matrix metalloproteinase-2 and -9 secretion by the human JAR choriocarcinoma cell line is stimulated by TNF-<i>α</i>"
Q57046553	P1476	"Coupling δ2H and δ18O biomarker results yields information on relative humidity and isotopic composition of precipitation – a climate transect validation study"	qal6833	"Coupling δ<sup>2</sup>H and δ<sup>18</sup>O biomarker results yields information on relative humidity and isotopic composition of precipitation – a climate transect validation study"
Q57199468	P1476	"A new instrument for stable isotope measurements of 13C and 18O in CO2 – instrument performance and ecological application of the Delta Ray IRIS analyzer"	qal6833	"A new instrument for stable isotope measurements of <sup>13</sup>C and <sup>18</sup>O in CO<sub>2</sub> – instrument performance and ecological application of the Delta Ray IRIS analyzer"
Q57204256	P1476	"Co-Inoculation of Soybean with Bradyrhizobium and Azospirillum Promotes Early Nodulation"	qal6833	"Co-Inoculation of Soybean with <i>Bradyrhizobium</i> and <i>Azospirillum</i> Promotes Early Nodulation"
Q57251016	P1476	"Daytime HONO, NO2 and aerosol distributions from MAX-DOAS observations in Melbourne"	qal6833	"Daytime HONO, NO<sub>2</sub> and aerosol distributions from MAX-DOAS observations in Melbourne"
Q57251019	P1476	"Daytime HONO, NO2 and aerosol distributions from MAX-DOAS observations in Melbourne"	qal6833	"Daytime HONO, NO<sub>2</sub> and aerosol distributions from MAX-DOAS observations in Melbourne"
Q57242193	P1476	"Inferences from CO2 and CH4 concentration profiles at the Zotino Tall Tower Observatory (ZOTTO) on regional summertime ecosystem fluxes"	qal6833	"Inferences from CO<sub>2</sub> and CH<sub>4</sub> concentration profiles at the Zotino Tall Tower Observatory (ZOTTO) on regional summertime ecosystem fluxes"
Q57256939	P1476	"New estimates of direct N2O emissions from Chinese croplands from 1980 to 2007 using localized emission factors"	qal6833	"New estimates of direct N<sub>2</sub>O emissions from Chinese croplands from 1980 to 2007 using localized emission factors"
Q57262816	P1476	"Response of δ13C in plant and soil respiration to a water pulse"	qal6833	"Response of δ<sup>13</sup>C in plant and soil respiration to a water pulse"
Q57275467	P1476	"Redescription of Digalodon rubidgei, an emydopoid dicynodont (Therapsida, Anomodontia) from the Late Permian of South Africa"	qal6833	"Redescription of <i>Digalodon rubidgei</i>, an emydopoid dicynodont (Therapsida, Anomodontia) from the Late Permian of South Africa"
Q57411829	P1476	"Influence of groundwater on distribution of dwarf wedgemussels (Alasmidonta heterodon) in the upper reaches of the Delaware River, northeastern USA"	qal6833	"Influence of groundwater on distribution of dwarf wedgemussels (<i>Alasmidonta heterodon</i>) in the upper reaches of the Delaware River, northeastern USA"
Q57372782	P1476	"The empirical relationship between satellite-derived tropospheric NO2 and fire radiative power and possible implications for fire emission rates of NOx"	qal6833	"The empirical relationship between satellite-derived tropospheric NO<sub>2</sub> and fire radiative power and possible implications for fire emission rates of NO<sub>x</sub>"
Q57445204	P1476	"OMI NO2 column densities over North American urban cities: the effect of satellite footprint resolution"	qal6833	"OMI NO<sub>2</sub> column densities over North American urban cities: the effect of satellite footprint resolution"
Q57443069	P1476	"Variable lifetimes and loss mechanisms for NO3 and N2O5 during the DOMINO campaign: contrasts between marine, urban and continental air"	qal6833	"Variable lifetimes and loss mechanisms for NO<sub>3</sub> and N<sub>2</sub>O<sub>5</sub> during the DOMINO campaign: contrasts between marine, urban and continental air"
Q57518858	P1476	"Construction of a Constitutively Activated Gα Mutant in the Maize Pathogen Cochliobolus heterostrophus"	qal6833	"Construction of a Constitutively Activated Gα Mutant in the Maize Pathogen <i>Cochliobolus heterostrophus</i>"
Q57537511	P1476	"Modeling SOA formation from the oxidation of intermediate volatility n-alkanes"	qal6833	"Modeling SOA formation from the oxidation of intermediate volatility <i>n</i>-alkanes"
Q57674729	P1476	"A Comprehensive Analytical Evaluation of the Trivedi Effect® - Energy of Consciousness Healing Treatment on the Physical, Structural, and Thermal Properties of Zinc Chloride"	qal6833	"A Comprehensive Analytical Evaluation of the Trivedi Effect<sup>®</sup> - Energy of Consciousness Healing Treatment on the Physical, Structural, and Thermal Properties of Zinc Chloride"
Q57665979	P1476	"Coupling between the JULES land-surface scheme and the CCATT-BRAMS atmospheric chemistry model (JULES-CCATT-BRAMS1.0): applications to numerical weather forecasting and the CO2 budget in South America"	qal6833	"Coupling between the JULES land-surface scheme and the CCATT-BRAMS atmospheric chemistry model (JULES-CCATT-BRAMS1.0): applications to numerical weather forecasting and the CO<sub>2</sub> budget in South America"
Q57674889	P1476	"Evaluation of Vegetative Growth Parameters in Biofield Treated Bottle Gourd (Lagenaria siceraria) and Okra (Abelmoschus esculentus)"	qal6833	"Evaluation of Vegetative Growth Parameters in Biofield Treated Bottle Gourd (<i>Lagenaria siceraria</i>) and Okra (<i>Abelmoschus esculentus</i>)"
Q57674400	P1476	"Improved Structural and Functional Integrity of Bone Health Parameters After Treatment with Consciousness Energy Treated Vitamin D3"	qal6833	"Improved Structural and Functional Integrity of Bone Health Parameters After Treatment with Consciousness Energy Treated Vitamin D<sub>3</sub>"
Q57674515	P1476	"Immunological Effects of Biofield Energy Healing (The Trivedi Effect®) Based Novel Herbomineral Formulation After Oral Administration in Male Sprague Dawley Rats"	qal6833	"Immunological Effects of Biofield Energy Healing (The Trivedi Effect<sup>®</sup>) Based Novel Herbomineral Formulation After Oral Administration in Male <i>Sprague Dawley</i> Rats"
Q57674797	P1476	"Impact of Biofield Energy Treated Herbomineral Formulation (The Trivedi Effect®) on Mouse Dendritic and Splenocyte Cells for Modulation of Pro-inflammatory Cytokines"	qal6833	"Impact of Biofield Energy Treated Herbomineral Formulation (The Trivedi Effect<sup>®</sup>) on Mouse Dendritic and Splenocyte Cells for Modulation of Pro-inflammatory Cytokines"
Q57674670	P1476	"Influence of the Biofield Energy Healing Treatment on Physicochemical, Thermal and Behavioral Properties of Ashwagandha (Withania somnifera) Root Extract"	qal6833	"Influence of the Biofield Energy Healing Treatment on Physicochemical, Thermal and Behavioral Properties of Ashwagandha (<i>Withania somnifera</i>) Root Extract"
Q57674641	P1476	"LC-MS, GC-MS, and NMR Spectroscopy Based Evaluation of the Energy of Consciousness Healing Treated Withania somnifera (Ashwagandha) Root Extract"	qal6833	"LC-MS, GC-MS, and NMR Spectroscopy Based Evaluation of the Energy of Consciousness Healing Treated <i>Withania somnifera</i> (Ashwagandha) Root Extract"
Q57709445	P1476	"Energetic particle measurements from the Ulysses/COSPIN/LET instrument obtained during the August/September 2005 events"	qal6833	"Energetic particle measurements from the <I>Ulysses</I>/COSPIN/LET instrument obtained during the August/September 2005 events"
Q57736298	P1476	"Ocean acidification does not affect magnesium composition or dolomite formation in living crustose coralline algae, Porolithon onkodes in an experimental system"	qal6833	"Ocean acidification does not affect magnesium composition or dolomite formation in living crustose coralline algae, <i>Porolithon onkodes</i> in an experimental system"
Q57775755	P1476	"Geochemistry of PM10 over Europe during the EMEP intensive measurement periods in summer 2012 and winter 2013"	qal6833	"Geochemistry of PM<sub>10</sub> over Europe during the EMEP intensive measurement periods in summer 2012 and winter 2013"
Q57866067	P1476	"A novel 29 bp insertion/deletion (indel) variant of the LHX3 gene and its influence on growth traits in four sheep breeds of various fecundity"	qal6833	"A novel 29 bp insertion/deletion (indel) variant of the <i>LHX3</i> gene and its influence on growth traits in four sheep breeds of various fecundity"
Q57866142	P1476	"Analysis of CO2 mole fraction data: first evidence of large-scale changes in CO2 uptake at high northern latitudes"	qal6833	"Analysis of CO<sub>2</sub> mole fraction data: first evidence of large-scale changes in CO<sub>2</sub> uptake at high northern latitudes"
Q57858379	P1476	"Arc volcanism, carbonate platform evolution and palaeo-atmospheric CO2: Components and interactions in the deep carbon cycle"	qal6833	"Arc volcanism, carbonate platform evolution and palaeo-atmospheric CO<sub>2</sub>: Components and interactions in the deep carbon cycle"
Q57855556	P1476	"Brief Communication: A low-cost Arduino®-based wire extensometer for earth flow monitoring"	qal6833	"Brief Communication: A low-cost Arduino<sup>®</sup>-based wire extensometer for earth flow monitoring"
Q57869249	P1476	"Can biomonitors effectively detect airborne benzo[a]pyrene? An evaluation approach using modelling"	qal6833	"Can biomonitors effectively detect airborne benzo[<i>a</i>]pyrene? An evaluation approach using modelling"
Q57849735	P1476	"Constructions and Properties of General (k, n) Block-Based Progressive Visual Cryptography"	qal6833	"Constructions and Properties of General (<i>k, n</i>) Block-Based Progressive Visual Cryptography"
Q57872128	P1476	"Dependence of sandpile avalanche frequency–size distribution on coverage extent and compactness of embedded toppling threshold heterogeneity: implications for the variation of Gutenberg–Richter b value"	qal6833	"Dependence of sandpile avalanche frequency–size distribution on coverage extent and compactness of embedded toppling threshold heterogeneity: implications for the variation of Gutenberg–Richter <i>b</i> value"
Q57870281	P1476	"Detecting moisture transport pathways to the subtropical North Atlantic free troposphere using paired H2O-δD in situ measurements"	qal6833	"Detecting moisture transport pathways to the subtropical North Atlantic free troposphere using paired H<sub>2</sub>O-<i>δ</i>D in situ measurements"
Q57867128	P1476	"Emissions of biogenic volatile organic compounds and subsequent formation of secondary organic aerosols in a Larix kaempferi forest"	qal6833	"Emissions of biogenic volatile organic compounds and subsequent formation of secondary organic aerosols in a <I>Larix kaempferi</I> forest"
Q57867911	P1476	"Evaluation of novel SNPs and haplotypes within the ATBF1 gene and their effects on economically important production traits in cattle"	qal6833	"Evaluation of novel SNPs and haplotypes within the <i>ATBF1</i> gene and their effects on economically important production traits in cattle"
Q57866978	P1476	"Hygroscopic properties of NaCl and NaNO3 mixture particles as reacted inorganic sea-salt aerosol surrogates"	qal6833	"Hygroscopic properties of NaCl and NaNO<sub>3</sub> mixture particles as reacted inorganic sea-salt aerosol surrogates"
Q57870787	P1476	"Hydrochemical characteristics of hot spring waters in the Kangding district related to the Lushan MS = 7.0 earthquake in Sichuan, China"	qal6833	"Hydrochemical characteristics of hot spring waters in the Kangding district related to the Lushan <i>M</i><sub>S</sub> = 7.0 earthquake in Sichuan, China"
Q57868655	P1476	"In situ measurements of O2 and CO eq.  in cement kilns"	qal6833	"In situ measurements of O<sub>2</sub> and CO eq.  in cement kilns"
Q57834218	P1476	"Model–measurement comparison of functional group abundance in α-pinene and 1,3,5-trimethylbenzene secondary organic aerosol formation"	qal6833	"Model–measurement comparison of functional group abundance in <i>α</i>-pinene and 1,3,5-trimethylbenzene secondary organic aerosol formation"
Q57869476	P1476	"New insight into the spatiotemporal variability and source apportionments of C1–C4 alkyl nitrates in Hong Kong"	qal6833	"New insight into the spatiotemporal variability and source apportionments of C<sub>1</sub>–C<sub>4</sub> alkyl nitrates in Hong Kong"
Q57865911	P1476	"On the potential of the ICOS atmospheric CO2 measurement network for estimating the biogenic CO2 budget of Europe"	qal6833	"On the potential of the ICOS atmospheric CO<sub>2</sub> measurement network for estimating the biogenic CO<sub>2</sub> budget of Europe"
Q57866244	P1476	"Nutritional quality of kermes oak (Quercus coccifera L.) acorns as affected by altitude in a typical Mediterranean area"	qal6833	"Nutritional quality of kermes oak (<i>Quercus coccifera</i> L.) acorns as affected by altitude in a typical Mediterranean area"
Q57867631	P1476	"OMI tropospheric NO2 profiles from cloud slicing: constraints on surface emissions, convective transport and lightning NOx"	qal6833	"OMI tropospheric NO<sub>2</sub> profiles from cloud slicing: constraints on surface emissions, convective transport and lightning NO<sub><i>x</i></sub>"
Q57865898	P1476	"Ozone and NOx chemistry in the eastern US: evaluation of CMAQ/CB05 with satellite (OMI) data"	qal6833	"Ozone and NO<sub><i>x</i></sub> chemistry in the eastern US: evaluation of CMAQ/CB05 with satellite (OMI) data"
Q57868452	P1476	"Oxygen transport in epitaxial SrTiO3/SrTi1 − xFexO3 multilayer stacks"	qal6833	"Oxygen transport in epitaxial SrTiO<sub>3</sub>/SrTi<sub>1 − <i>x</i></sub>Fe<sub><i>x</i></sub>O<sub>3</sub> multilayer stacks"
Q57866366	P1476	"The impact of parameterising light penetration into snow on the photochemical production of NOx and OH radicals in snow"	qal6833	"The impact of parameterising light penetration into snow on the photochemical production of NO<sub><i>x</i></sub> and OH radicals in snow"
Q57866299	P1476	"Variant GDF9 mRNA is likely not the main cause of larger litter size in Iranian Lori-Bakhtyari, Shal, Ghezel, and Afshari sheep breeds"	qal6833	"Variant <i>GDF9</i> mRNA is likely not the main cause of larger litter size in Iranian Lori-Bakhtyari, Shal, Ghezel, and Afshari sheep breeds"
Q57884200	P1476	"A new set-up for simultaneous high-precision measurements of CO2, δ13C-CO2 and δ18O-CO2 on smal"	qal6833	"A new set-up for simultaneous high-precision measurements of CO<sub>2</sub>, <i>δ</i><sup>13</sup>C-CO<sub>2</sub> and <i>δ</i><sup>18</sup>O-CO<sub>2</sub> on smal"
Q57880074	P1476	"A semi-empirical model for mesospheric and stratospheric NOy produced by energetic particle precipitation"	qal6833	"A semi-empirical model for mesospheric and stratospheric NO<sub><i>y</i></sub> produced by energetic particle precipitation"
Q57889928	P1476	"A regional CO2 observing system simulation experiment for the ASCENDS satellite mission"	qal6833	"A regional CO<sub>2</sub> observing system simulation experiment for the ASCENDS satellite mission"
Q57891976	P1476	"A novel 17 bp indel in the SMAD3 gene alters transcription level, contributing to phenotypic traits in Chinese cattle"	qal6833	"A novel 17 bp indel in the <i>SMAD3</i> gene alters transcription level, contributing to phenotypic traits in Chinese cattle"
Q57884897	P1476	"Abundances of isotopologues and calibration of CO2 greenhouse gas measurements"	qal6833	"Abundances of isotopologues and calibration of CO<sub>2</sub> greenhouse gas measurements"
Q57885844	P1476	"Accomplishments of the MUSICA project to provide accurate, long-term, global and high-resolution observations of tropospheric {H2O,δD} pairs – a review"	qal6833	"Accomplishments of the MUSICA project to provide accurate, long-term, global and high-resolution observations of tropospheric {H<sub>2</sub>O,<i>δ</i>D} pairs – a review"
Q57889913	P1476	"Alterations in microbial community composition with increasing fCO2: a mesocosm study in the eastern Baltic Sea"	qal6833	"Alterations in microbial community composition with increasing <i>f</i>CO<sub>2</sub>: a mesocosm study in the eastern Baltic Sea"
Q57892946	P1476	"An internally consistent dataset of δ13C-DIC in the North Atlantic Ocean – NAC13v1"	qal6833	"An internally consistent dataset of <i>δ</i><sup>13</sup>C-DIC in the North Atlantic Ocean – NAC13v1"
Q57884501	P1476	"Assessment of errors and biases in retrievals of XCO2, XCH4, XCO, and XN2O from a 0.5 cm&"	qal6833	"Assessment of errors and biases in retrievals of X<sub>CO<sub>2</sub></sub>, X<sub>CH<sub>4</sub></sub>, X<sub>CO</sub>, and X<sub>N<sub>2</sub>O</sub> from a 0.5 cm&"
Q57888908	P1476	"Assessment of genetic diversity and differentiation of two major camel ecotypes (Camelus dromedarius) in Sudan using microsatellite markers"	qal6833	"Assessment of genetic diversity and differentiation of two major camel ecotypes (<i>Camelus dromedarius</i>) in Sudan using microsatellite markers"
Q57895418	P1476	"Biases in atmospheric CO2 estimates from correlated meteorology modeling errors"	qal6833	"Biases in atmospheric CO<sub>2</sub> estimates from correlated meteorology modeling errors"
Q57893366	P1476	"Book review: The Illegal City: Space, Law and Gender in a Delhi Squatter Settlement"	qal6833	"Book review: <i>The Illegal City: Space, Law and Gender in a Delhi Squatter Settlement</i>"
Q57893411	P1476	"Book review: Visuelle Geographien: Zur Produktion, Aneignung und Vermittlung von RaumBildern"	qal6833	"Book review: <i>Visuelle Geographien: Zur Produktion, Aneignung und Vermittlung von RaumBildern</i>"
Q57882179	P1476	"CCl4 distribution derived from MIPAS ESA v7 data: intercomparisons, trend, and lifetime estimation"	qal6833	"CCl<sub>4</sub> distribution derived from MIPAS ESA v7 data: intercomparisons, trend, and lifetime estimation"
Q57881280	P1476	"Characterisation of boundary layer turbulent processes by the Raman lidar BASIL in the frame of HD(CP)2 Observational Prototype Experiment"	qal6833	"Characterisation of boundary layer turbulent processes by the Raman lidar BASIL in the frame of HD(CP)<sup>2</sup> Observational Prototype Experiment"
Q57892983	P1476	"Chemical composition and mass size distribution of PM1 at an elevated site in central east China"	qal6833	"Chemical composition and mass size distribution of PM<sub>1</sub> at an elevated site in central east China"
Q57895442	P1476	"Chemical and stable carbon isotopic composition of PM2.5 from on-road vehicle emissions in the PRD region and implications for vehicle emission control policy"	qal6833	"Chemical and stable carbon isotopic composition of PM<sub>2.5</sub> from on-road vehicle emissions in the PRD region and implications for vehicle emission control policy"
Q57887393	P1476	"CO2 and nutrient-driven changes across multiple levels of organization in Zostera noltii ecosystems"	qal6833	"CO<sub>2</sub> and nutrient-driven changes across multiple levels of organization in <i>Zostera noltii</i> ecosystems"
Q57889298	P1476	"Climate, CO2 and human population impacts on global wildfire emissions"	qal6833	"Climate, CO<sub>2</sub> and human population impacts on global wildfire emissions"
Q57889939	P1476	"Ciliate and mesozooplankton community response to increasing CO2 levels in the Baltic Sea: insights from a large-scale mesocosm experiment"	qal6833	"Ciliate and mesozooplankton community response to increasing CO<sub>2</sub> levels in the Baltic Sea: insights from a large-scale mesocosm experiment"
Q57884032	P1476	"Comprehensive laboratory and field testing of cavity ring-down spectroscopy analyzers measuring H2O, CO2, CH4 and CO"	qal6833	"Comprehensive laboratory and field testing of cavity ring-down spectroscopy analyzers measuring H<sub>2</sub>O, CO<sub>2</sub>, CH<sub>4</sub> and CO"
Q57891597	P1476	"Constraining a complex biogeochemical model for CO2 and N2O emission simulations from various land uses by model–data fusion"	qal6833	"Constraining a complex biogeochemical model for CO<sub>2</sub> and N<sub>2</sub>O emission simulations from various land uses by model–data fusion"
Q57884538	P1476	"Continuous and high-precision atmospheric concentration measurements of COS, CO2, CO and H2O using a quantum cascade laser spectrometer (QCLS)"	qal6833	"Continuous and high-precision atmospheric concentration measurements of COS, CO<sub>2</sub>, CO and H<sub>2</sub>O using a quantum cascade laser spectrometer (QCLS)"
Q57891816	P1476	"Contribution of Marine Group II Euryarchaeota to cyclopentyl tetraethers in the Pearl River estuary and coastal South China Sea: impact on the TEX86 paleothermometer"	qal6833	"Contribution of Marine Group II <i>Euryarchaeota</i> to cyclopentyl tetraethers in the Pearl River estuary and coastal South China Sea: impact on the TEX<sub>86</sub> paleothermometer"
Q57884446	P1476	"Development of automated preparation system for isotopocule analysis of N2O in various air samples"	qal6833	"Development of automated preparation system for isotopocule analysis of N<sub>2</sub>O in various air samples"
Q57886161	P1476	"Drought impact on carbon and water cycling in a Mediterranean Quercus suber L. woodland during the extreme drought event in 2012"	qal6833	"Drought impact on carbon and water cycling in a Mediterranean <i>Quercus suber</i> L. woodland during the extreme drought event in 2012"
Q57882135	P1476	"Efficient bulk mass accommodation and dissociation of N2O5 in neutral aqueous aerosol"	qal6833	"Efficient bulk mass accommodation and dissociation of N<sub>2</sub>O<sub>5</sub> in neutral aqueous aerosol"
Q57884958	P1476	"Effects of variation in background mixing ratios of N2, O2, and Ar on the measurement of δ18O–H2O and δ2&"	qal6833	"Effects of variation in background mixing ratios of N<sub>2</sub>, O<sub>2</sub>, and Ar on the measurement of <i>δ</i><sup>18</sup>O–H<sub>2</sub>O and <i>δ</i><sup>2&"
Q57890553	P1476	"Effects of γ-aminobutyric acid on the tissue structure, antioxidant activity, cell apoptosis, and cytokine contents of bursa of Fabricius in chicks under heat stress"	qal6833	"Effects of <i>γ</i>-aminobutyric acid on the tissue structure, antioxidant activity, cell apoptosis, and cytokine contents of bursa of Fabricius in chicks under heat stress"
Q57889469	P1476	"Evaluating the Community Land Model in a pine stand with shading manipulations and 13CO2 labeling"	qal6833	"Evaluating the Community Land Model in a pine stand with shading manipulations and <sup>13</sup>CO<sub>2</sub> labeling"
Q57889606	P1476	"Extreme N2O accumulation in the coastal oxygen minimum zone off Peru"	qal6833	"Extreme N<sub>2</sub>O accumulation in the coastal oxygen minimum zone off Peru"
Q57890250	P1476	"Experimental diagenesis: insights into aragonite to calcite transformation of Arctica islandica shells by hydrothermal treatment"	qal6833	"Experimental diagenesis: insights into aragonite to calcite transformation of <i>Arctica islandica</i> shells by hydrothermal treatment"
Q57885250	P1476	"First characterization and validation of FORLI-HNO3 vertical profiles retrieved from IASI/Metop"	qal6833	"First characterization and validation of FORLI-HNO<sub>3</sub> vertical profiles retrieved from IASI/Metop"
Q57888694	P1476	"Impact of seawater [Ca2+] on the calcification and calciteMg / Ca of Amphistegina lessonii"	qal6833	"Impact of seawater [Ca<sup>2+</sup>] on the calcification and calciteMg / Ca of <i>Amphistegina lessonii</i>"
Q57890442	P1476	"Increased temperature causes different carbon and nitrogen processing patterns in two common intertidal foraminifera (Ammonia tepida and Haynesina germanica)"	qal6833	"Increased temperature causes different carbon and nitrogen processing patterns in two common intertidal foraminifera (<i>Ammonia tepida</i> and <i>Haynesina germanica</i>)"
Q57888887	P1476	"Interdependencies between temperature and moisture sensitivities of CO2 emissions in European land ecosystems"	qal6833	"Interdependencies between temperature and moisture sensitivities of CO<sub>2</sub> emissions in European land ecosystems"
Q57889695	P1476	"Interannual variability of the atmospheric CO2 growth rate: roles of precipitation and temperature"	qal6833	"Interannual variability of the atmospheric CO<sub>2</sub> growth rate: roles of precipitation and temperature"
Q57895482	P1476	"Intercomparing different devices for the investigation of ice nucleating particles using Snomax® as test substance"	qal6833	"Intercomparing different devices for the investigation of ice nucleating particles using Snomax<sup>®</sup> as test substance"
Q57884799	P1476	"Measurement of ambient NO3 reactivity: design, characterization and first deployment of a new instrument"	qal6833	"Measurement of ambient NO<sub>3</sub> reactivity: design, characterization and first deployment of a new instrument"
Q57889929	P1476	"Mechanisms of Trichodesmium demise within the New Caledonian lagoon during the VAHINE mesocosm experiment"	qal6833	"Mechanisms of <i>Trichodesmium</i> demise within the New Caledonian lagoon during the VAHINE mesocosm experiment"
Q57892372	P1476	"Modelling street level PM10 concentrations across Europe: source apportionment and possible futures"	qal6833	"Modelling street level PM<sub>10</sub> concentrations across Europe: source apportionment and possible futures"
Q57892380	P1476	"Molecular cloning, sequence identification, polymorphism and association of the porcine SPATS2L gene"	qal6833	"Molecular cloning, sequence identification, polymorphism and association of the porcine <i>SPATS2L</i> gene"
Q57886607	P1476	"Outflow of low-energy O+ ion beams observed during periods without substorms"	qal6833	"Outflow of low-energy O<sup>+</sup> ion beams observed during periods without substorms"
Q57891854	P1476	"Prescribed-burning vs. wildfire: management implications for annual carbon emissions along a latitudinal gradient of Calluna vulgaris-dominated vegetation"	qal6833	"Prescribed-burning vs. wildfire: management implications for annual carbon emissions along a latitudinal gradient of <i>Calluna vulgaris</i>-dominated vegetation"
Q57889424	P1476	"Radiocarbon isotopic evidence for assimilation of atmospheric CO2 by the seagrass Zostera marina"	qal6833	"Radiocarbon isotopic evidence for assimilation of atmospheric CO<sub>2</sub> by the seagrass <i>Zostera marina</i>"
Q57884343	P1476	"Real time retrieval of volcanic cloud particles and SO2 by satellite using an improved simplified approach"	qal6833	"Real time retrieval of volcanic cloud particles and SO<sub>2</sub> by satellite using an improved simplified approach"
Q57881066	P1476	"Representing the effects of stratosphere–troposphere exchange on 3-D O3 distributions in chemistry transport models using a potential vorticity-based parameterization"	qal6833	"Representing the effects of stratosphere–troposphere exchange on 3-D O<sub>3</sub> distributions in chemistry transport models using a potential vorticity-based parameterization"
Q57885658	P1476	"Retrieval of xCO2 from ground-based mid-infrared (NDACC) solar absorption spectra and comparison to TCCON"	qal6833	"Retrieval of xCO<sub>2</sub> from ground-based mid-infrared (NDACC) solar absorption spectra and comparison to TCCON"
Q57888821	P1476	"Response of key stress-related genes of the seagrass Posidonia oceanica in the vicinity of submarine volcanic vents"	qal6833	"Response of key stress-related genes of the seagrass <i>Posidonia oceanica</i> in the vicinity of submarine volcanic vents"
Q57881234	P1476	"SNP analysis reveals estrogen receptor 1 (ESR1) gene variants associated with laying traits in quails"	qal6833	"SNP analysis reveals estrogen receptor 1 (<i>ESR1</i>) gene variants associated with laying traits in quails"
Q57881108	P1476	"Spectroscopic evidence of large aspherical β-NAT particles involved in denitrification in the December 2011 Arctic stratosphere"	qal6833	"Spectroscopic evidence of large aspherical <i>β</i>-NAT particles involved in denitrification in the December 2011 Arctic stratosphere"
Q57885420	P1476	"Space-based NOx emission estimates over remote regions improved in DECSO"	qal6833	"Space-based NO<sub><i>x</i></sub> emission estimates over remote regions improved in DECSO"
Q57890924	P1476	"The bivalve Glycymeris planicostalis as a high-resolution paleoclimate archive for the Rupelian (Early Oligocene) of central Europe"	qal6833	"The bivalve <i>Glycymeris planicostalis</i> as a high-resolution paleoclimate archive for the Rupelian (Early Oligocene) of central Europe"
Q57884401	P1476	"The STRatospheric Estimation Algorithm from Mainz (STREAM): estimating stratospheric NO2 from nadir-viewing satellites by weighted convolution"	qal6833	"The STRatospheric Estimation Algorithm from Mainz (STREAM): estimating stratospheric NO<sub>2</sub> from nadir-viewing satellites by weighted convolution"
Q57888806	P1476	"The role of photo- and thermal degradation for CO2 and CO fluxes in an arid ecosystem"	qal6833	"The role of photo- and thermal degradation for CO<sub>2</sub> and CO fluxes in an arid ecosystem"
Q57885783	P1476	"Twin-cuvette measurement technique for investigation of dry deposition of O3 and PAN to plant leaves under controlled humidity conditions"	qal6833	"Twin-cuvette measurement technique for investigation of dry deposition of O<sub>3</sub> and PAN to plant leaves under controlled humidity conditions"
Q57885982	P1476	"Using atmospheric observations to evaluate the spatiotemporal variability of CO2 fluxes simulated by terrestrial biospheric models"	qal6833	"Using atmospheric observations to evaluate the spatiotemporal variability of CO<sub>2</sub> fluxes simulated by terrestrial biospheric models"
Q57889116	P1476	"Why is Trichodesmium abundant in the Kuroshio?"	qal6833	"Why is <i>Trichodesmium</i> abundant in the Kuroshio?"
Q57984669	P1476	"Near-road sampling of PM2.5, BC, and fine particle chemical components in Kathmandu Valley, Nepal"	qal6833	"Near-road sampling of PM<sub>2.5</sub>, BC, and fine particle chemical components in Kathmandu Valley, Nepal"
Q58062898	P1476	"A 13C labelling study on carbon fluxes in Arctic plankton communities under elevated CO2 levels"	qal6833	"A <sup>13</sup>C labelling study on carbon fluxes in Arctic plankton communities under elevated CO<sub>2</sub> levels"
Q58053116	P1476	"BrO and Bry profiles over the Western Pacific: Relevance of Inorganic Bromine Sources and a Bry Minimum in the Aged Tropical Tropopause Layer"	qal6833	"BrO and Br<sub>y</sub> profiles over the Western Pacific: Relevance of Inorganic Bromine Sources and a Br<sub>y</sub> Minimum in the Aged Tropical Tropopause Layer"
Q58052073	P1476	"CH4 and CO distributions over tropical fires during October 2006 as observed by the Aura TES satellite instrument and modeled by GEOS-Chem"	qal6833	"CH<sub>4</sub> and CO distributions over tropical fires during October 2006 as observed by the Aura TES satellite instrument and modeled by GEOS-Chem"
Q58056218	P1476	"Cyanobacterial endobionts within a major marine planktonic calcifier (Globigerina bulloides, Foraminifera) revealed by 16S rRNA metabarcoding"	qal6833	"Cyanobacterial endobionts within a major marine planktonic calcifier (<i>Globigerina bulloides</i>, Foraminifera) revealed by 16S rRNA metabarcoding"
Q58067168	P1476	"Long-term trends in the PM2.5- and O3-related mortality burdens in the United States under emission reductions from 1990 to 2010"	qal6833	"Long-term trends in the PM<sub>2.5</sub>- and O<sub>3</sub>-related mortality burdens in the United States under emission reductions from 1990 to 2010"
Q58072892	P1476	"NOx emissions in China: historical trends and future perspectives"	qal6833	"NO<sub>x</sub> emissions in China: historical trends and future perspectives"
Q58058817	P1476	"Observation of isoprene hydroxynitrates in the southeastern United States and implications for the fate of NOx"	qal6833	"Observation of isoprene hydroxynitrates in the southeastern United States and implications for the fate of NO<sub><i>x</i></sub>"
Q58058984	P1476	"Observations of the temperature dependent response of ozone to NOx reductions in the Sacramento, CA urban plume"	qal6833	"Observations of the temperature dependent response of ozone to NO<sub>x</sub> reductions in the Sacramento, CA urban plume"
Q58053156	P1476	"Parameterisation and impact of aerosol uptake of HO2 on a global tropospheric model"	qal6833	"Parameterisation and impact of aerosol uptake of HO<sub>2</sub> on a global tropospheric model"
Q58058178	P1476	"Source apportionment of PM10 in a north-western Europe regional urban background site (Lens, France) using positive matrix factorization and including primary biogenic emissions"	qal6833	"Source apportionment of PM<sub>10</sub> in a north-western Europe regional urban background site (Lens, France) using positive matrix factorization and including primary biogenic emissions"
Q58069081	P1476	"The mechanisms of North Atlantic CO2 uptake in a large Earth System Model ensemble"	qal6833	"The mechanisms of North Atlantic CO<sub>2</sub> uptake in a large Earth System Model ensemble"
Q58059862	P1476	"Trajectory model simulations of ozone (O3) and carbon monoxide (CO) in the lower stratosphere"	qal6833	"Trajectory model simulations of ozone (O<sub>3</sub>) and carbon monoxide (CO) in the lower stratosphere"
Q58099989	P1476	"Aura OMI observations of regional SO2 and NO2 pollution changes from 2005 to 2015"	qal6833	"Aura OMI observations of regional SO<sub>2</sub> and NO<sub>2</sub> pollution changes from 2005 to 2015"
Q58105878	P1476	"Coccolithophore surface distributions in the North Atlantic and their modulation of the air-sea flux of CO2 from 10 years of satellite Earth observation data"	qal6833	"Coccolithophore surface distributions in the North Atlantic and their modulation of the air-sea flux of CO<sub>2</sub> from 10 years of satellite Earth observation data"
Q58117799	P1476	"Does atmospheric CO2 seasonality play an important role in governing the air-sea flux of CO2?"	qal6833	"Does atmospheric CO<sub>2</sub> seasonality play an important role in governing the air-sea flux of CO<sub>2</sub>?"
Q58116831	P1476	"Ice crystal concentrations in wave clouds: dependencies on temperature, D > 0.5 μm aerosol particle concentration, and duration of cloud processing"	qal6833	"Ice crystal concentrations in wave clouds: dependencies on temperature, <i>D</i> > 0.5 μm aerosol particle concentration, and duration of cloud processing"
Q58115563	P1476	"Increasing concentrations of dichloromethane, CH2Cl2, inferred from CARIBIC air samples collected 1998–2012"	qal6833	"Increasing concentrations of dichloromethane, CH<sub>2</sub>Cl<sub>2</sub>, inferred from CARIBIC air samples collected 1998–2012"
Q58093223	P1476	"The sensitivity of stratospheric ozone changes through the 21st century to N2O and CH4"	qal6833	"The sensitivity of stratospheric ozone changes through the 21st century to N<sub>2</sub>O and CH<sub>4</sub>"
Q58201156	P1476	"Bulk partitioning the growing season net ecosystem exchange of CO2 in Siberian tundra reveals the seasonality of its carbon sequestration strength"	qal6833	"Bulk partitioning the growing season net ecosystem exchange of CO<sub>2</sub> in Siberian tundra reveals the seasonality of its carbon sequestration strength"
Q58231854	P1476	"High Prevalence of Subclinical Mastitis and Multidrug Resistant Staphylococcus aureus Are a Threat to Dairy Cattle Production in Kiboga District (Uganda)"	qal6833	"High Prevalence of Subclinical Mastitis and Multidrug Resistant <i>Staphylococcus aureus</i> Are a Threat to Dairy Cattle Production in Kiboga District (Uganda)"
Q58310750	P1476	"A Lagrangian Approach Towards Extracting Signals of Urban CO2 Emissions from Satellite Observations of Atmospheric Column CO2 (XCO2): X-Stochastic Time-Inverted Lagrangian Transport"	qal6833	"A Lagrangian Approach Towards Extracting Signals of Urban CO<sub>2</sub> Emissions from Satellite Observations of Atmospheric Column CO<sub>2</sub> (XCO<sub>2</sub>): X-Stochastic Time-Inverted Lagrangian Transport"
Q58262897	P1476	"Airborne intercomparison of HOx measurements using laser-induced fluorescence and chemical ionization mass spectrometry during ARCTAS"	qal6833	"Airborne intercomparison of HO<sub>x</sub> measurements using laser-induced fluorescence and chemical ionization mass spectrometry during ARCTAS"
Q58239339	P1476	"Boreal forest fire emissions in fresh Canadian smoke plumes: C1-C10 volatile organic compounds (VOCs), CO2, CO, NO2, NO, HCN and CH3CN"	qal6833	"Boreal forest fire emissions in fresh Canadian smoke plumes: C<sub>1</sub>-C<sub>10</sub> volatile organic compounds (VOCs), CO<sub>2</sub>, CO, NO<sub>2</sub>, NO, HCN and CH<sub>3</sub>CN"
Q58313736	P1476	"Carbon flux to woody tissues in a beech/spruce forest during summer and in response to chronic O3 exposure"	qal6833	"Carbon flux to woody tissues in a beech/spruce forest during summer and in response to chronic O<sub>3</sub> exposure"
Q58240117	P1476	"Methods to evaluate CaCO3 cycle modules in coupled global biogeochemical ocean models"	qal6833	"Methods to evaluate CaCO<sub>3</sub> cycle modules in coupled global biogeochemical ocean models"
Q58240394	P1476	"Observations of total RONO2 over the boreal forest: NOx sinks and HNO3 sources"	qal6833	"Observations of total RONO<sub>2</sub> over the boreal forest: NO<sub>x</sub> sinks and HNO<sub>3</sub> sources"
Q58313855	P1476	"On the statistical optimality of CO2 atmospheric inversions assimilating CO2 column retrievals"	qal6833	"On the statistical optimality of CO<sub>2</sub> atmospheric inversions assimilating CO<sub>2</sub> column retrievals"
Q58240164	P1476	"Potential impact of DOM accumulation on fCO2 and carbonate ion computations in ocean acidification experiments"	qal6833	"Potential impact of DOM accumulation on <i>f</i>CO<sub>2</sub> and carbonate ion computations in ocean acidification experiments"
Q58238250	P1476	"Simulated anthropogenic CO2 storage and acidification of the Mediterranean Sea"	qal6833	"Simulated anthropogenic CO<sub>2</sub> storage and acidification of the Mediterranean Sea"
Q58313839	P1476	"The first 1-year-long estimate of the Paris region fossil fuel CO2 emissions based on atmospheric inversion"	qal6833	"The first 1-year-long estimate of the Paris region fossil fuel CO<sub>2</sub> emissions based on atmospheric inversion"
Q58304050	P1476	"The isotopic composition of precipitation from a winter storm – a case study with the limited-area model COSMOiso"	qal6833	"The isotopic composition of precipitation from a winter storm – a case study with the limited-area model COSMO<sub>iso</sub>"
Q58320778	P1476	"A centrifugal ice microtome for measurements of atmospheric CO2 on air trapped in polar ice cores"	qal6833	"A centrifugal ice microtome for measurements of atmospheric CO<sub>2</sub> on air trapped in polar ice cores"
Q58322697	P1476	"A satellite data driven biophysical modeling approach for estimating northern peatland and tundra CO2 and CH4 fluxes"	qal6833	"A satellite data driven biophysical modeling approach for estimating northern peatland and tundra CO<sub>2</sub> and CH<sub>4</sub> fluxes"
Q58382501	P1476	"Tracing water masses with 129I and 236U in the subpolar North Atlantic along the GEOTRACES GA01 section"	qal6833	"Tracing water masses with <sup>129</sup>I and <sup>236</sup>U in the subpolar North Atlantic along the GEOTRACES GA01 section"
Q58382506	P1476	"Tracing water masses with 129I and 236U in the subpolar North Atlantic along the GEOTRACES GA01 section"	qal6833	"Tracing water masses with <sup>129</sup>I and <sup>236</sup>U in the subpolar North Atlantic along the GEOTRACES GA01 section"
Q58395637	P1476	"A method for evaluating bias in global measurements of CO2 total columns from space"	qal6833	"A method for evaluating bias in global measurements of CO<sub>2</sub> total columns from space"
Q58387605	P1476	"Application of δ13C and δ15N isotopic signatures of organic matter fractions sequentially separated from adjacent arable and forest soils to identify carbon stabilization mechanisms"	qal6833	"Application of δ<sup>13</sup>C and δ<sup>15</sup>N isotopic signatures of organic matter fractions sequentially separated from adjacent arable and forest soils to identify carbon stabilization mechanisms"
Q58384376	P1476	"Direct measurements of NO3 reactivity in and above the boundary layer of a mountaintop site: identification of reactive trace gases and comparison with OH reactivity"	qal6833	"Direct measurements of NO<sub>3</sub> reactivity in and above the boundary layer of a mountaintop site: identification of reactive trace gases and comparison with OH reactivity"
Q58384393	P1476	"Direct measurements of NO3-reactivity in and above the boundary layer of a mountain-top site: Identification of reactive trace gases and comparison with OH-reactivity"	qal6833	"Direct measurements of NO<sub>3</sub>-reactivity in and above the boundary layer of a mountain-top site: Identification of reactive trace gases and comparison with OH-reactivity"
Q58384403	P1476	"Direct measurement of NO3 radical reactivity in a boreal forest"	qal6833	"Direct measurement of NO<sub>3</sub> radical reactivity in a boreal forest"
Q58386951	P1476	"Eddy covariance flux measurements confirm extreme CH4 emissions from a Swiss hydropower reservoir and resolve their short-term variability"	qal6833	"Eddy covariance flux measurements confirm extreme CH<sub>4</sub> emissions from a Swiss hydropower reservoir and resolve their short-term variability"
Q58393900	P1476	"Global XCO2 anomalies as seen by Orbiting Carbon Observatory-2"	qal6833	"Global XCO<sub>2</sub> anomalies as seen by Orbiting Carbon Observatory-2"
Q58410283	P1476	"Glacial CO2 cycle as a succession of key physical and biogeochemical processes"	qal6833	"Glacial CO<sub>2</sub> cycle as a succession of key physical and biogeochemical processes"
Q58412596	P1476	"Response of O2 and pH to ENSO in the California Current System in a high resolution global climate model"	qal6833	"Response of O<sub>2</sub> and pH to ENSO in the California Current System in a high resolution global climate model"
Q57880088	P1476	"Study of the footprints of short-term variation in XCO2 observed by TCCON sites using NIES and FLEXPART atmospheric transport models"	qal6833	"Study of the footprints of short-term variation in XCO<sub>2</sub> observed by TCCON sites using NIES and FLEXPART atmospheric transport models"
Q58384544	P1476	"Stratospheric SO2 and sulphate aerosol, model simulations and satellite observations"	qal6833	"Stratospheric SO<sub>2</sub> and sulphate aerosol, model simulations and satellite observations"
Q58432883	P1476	"The EuroLifeNet Study: How Different Microenvironments Influence Personal Exposure to PM2.5 among High-School Students in Milan"	qal6833	"The EuroLifeNet Study: How Different Microenvironments Influence Personal Exposure to PM<sub>2.5</sub> among High-School Students in Milan"
Q58419620	P1476	"Uptake of algal carbon and the likely synthesis of an "essential" fatty acid by Uvigerina ex. gr. semiornata (Foraminifera) within the Pakistan margin oxygen minimum zone: evidence from fatty acid biomarker and &"	qal6833	"Uptake of algal carbon and the likely synthesis of an "essential" fatty acid by <i>Uvigerina</i> ex. gr. <i>semiornata</i> (Foraminifera) within the Pakistan margin oxygen minimum zone: evidence from fatty acid biomarker and &"
Q58650094	P1476	"Characterization of OMI tropospheric NO2 over the Baltic Sea region"	qal6833	"Characterization of OMI tropospheric NO<sub>2</sub> over the Baltic Sea region"
Q58652479	P1476	"Inclusion of ash and SO2 emissions from volcanic eruptions in WRF-Chem: development and some applications"	qal6833	"Inclusion of ash and SO<sub>2</sub> emissions from volcanic eruptions in WRF-Chem: development and some applications"
Q58855711	P1476	"Airborne emission measurements of SO2 , NOx and particles from individual ships using a sniffer technique"	qal6833	"Airborne emission measurements of SO<sub>2</sub> , NO<sub>x</sub> and particles from individual ships using a sniffer technique"
Q58940551	P1476	"Phylogenetic model of Follicucullus lineages (Albaillellaria, Radiolaria) based on high-resolution biostratigraphy of the Permian Bancheng Formation, Guangxi, South China"	qal6833	"Phylogenetic model of <i>Follicucullus</i> lineages (Albaillellaria, Radiolaria) based on high-resolution biostratigraphy of the Permian Bancheng Formation, Guangxi, South China"
Q59200620	P1476	"Differential gene expression in the mussel Bathymodiolus azoricus from the Menez Gwen and Lucky Strike deep-sea hydrothermal vent sites"	qal6833	"Differential gene expression in the mussel <i>Bathymodiolus azoricus</i> from the Menez Gwen and Lucky Strike deep-sea hydrothermal vent sites"
Q59164510	P1476	"The very short-lived ozone depleting substance CHBr3 (bromoform): revised UV absorption spectrum, atmospheric lifetime and ozone depletion potential"	qal6833	"The very short-lived ozone depleting substance CHBr<sub>3</sub> (bromoform): revised UV absorption spectrum, atmospheric lifetime and ozone depletion potential"
Q59256886	P1476	"Overview of the 2007 and 2008 campaigns conducted as part of the Greenland Summit Halogen-HOx Experiment (GSHOX)"	qal6833	"Overview of the 2007 and 2008 campaigns conducted as part of the Greenland Summit Halogen-HO<sub>x</sub> Experiment (GSHOX)"
Q59305720	P1476	"High-molecular-weight esters in α-pinene ozonolysis secondary organic aerosol: structural characterization and mechanistic proposal for their formation from highly oxygenated molecules"	qal6833	"High-molecular-weight esters in <i>α</i>-pinene ozonolysis secondary organic aerosol: structural characterization and mechanistic proposal for their formation from highly oxygenated molecules"
Q59318857	P1476	"The Correlation of IFN γ to the Preferential Isolation of Influenza Type B over Type A Viruses in Madin Darby Canine Kidney Cells"	qal6833	"The Correlation of IFN <i>γ</i> to the Preferential Isolation of Influenza Type B over Type A Viruses in Madin Darby Canine Kidney Cells"
Q59309265	P1476	"Wavelength and NOx dependent complex refractive index of SOAs generated from the photooxidation of toluene"	qal6833	"Wavelength and NO<sub>x</sub> dependent complex refractive index of SOAs generated from the photooxidation of toluene"
Q59384657	P1476	"Assimilation of OMI NO2 retrievals into the limited-area chemistry-transport model DEHM (V2009.0) with a 3-D OI algorithm"	qal6833	"Assimilation of OMI NO<sub>2</sub> retrievals into the limited-area chemistry-transport model DEHM (V2009.0) with a 3-D OI algorithm"
Q59340844	P1476	"Comparison of methods for the determination of NO-O3-NO2 fluxes and chemical interactions over a bare soil"	qal6833	"Comparison of methods for the determination of NO-O<sub>3</sub>-NO<sub>2</sub> fluxes and chemical interactions over a bare soil"
Q59340830	P1476	"Formation of secondary aerosols from gasoline vehicle exhaust when mixing with SO2"	qal6833	"Formation of secondary aerosols from gasoline vehicle exhaust when mixing with SO<sub>2</sub>"
Q59770206	P1476	"Combining two complementary micrometeorological methods to measure CH4 and N2O fluxes over pasture"	qal6833	"Combining two complementary micrometeorological methods to measure CH<sub>4</sub> and N<sub>2</sub>O fluxes over pasture"
Q59781922	P1476	"Ultraviolet absorption cross sections of carbonyl sulfide isotopologues OC32S, OC33S, OC34S and O13CS: isotopic fractionation in photolysis and atmospheric im"	qal6833	"Ultraviolet absorption cross sections of carbonyl sulfide isotopologues OC<sup>32</sup>S, OC<sup>33</sup>S, OC<sup>34</sup>S and O<sup>13</sup>CS: isotopic fractionation in photolysis and atmospheric im"
Q59838356	P1476	"Arctic Ocean CO2 uptake: an improved multi-year estimate of the air–sea CO2 flux incorporating chlorophyll-a concentrations"	qal6833	"Arctic Ocean CO<sub>2</sub> uptake: an improved multi-year estimate of the air–sea CO<sub>2</sub> flux incorporating chlorophyll-a concentrations"
Q59839718	P1476	"The detection of nocturnal N2O5 as HNO3 by alkali- and aqueous-denuder techniques"	qal6833	"The detection of nocturnal N<sub>2</sub>O<sub>5</sub> as HNO<sub>3</sub> by alkali- and aqueous-denuder techniques"
Q59911753	P1476	"Error characterization of CO2 vertical mixing in the atmospheric transport model WRF-VPRM"	qal6833	"Error characterization of CO<sub>2</sub> vertical mixing in the atmospheric transport model WRF-VPRM"
Q59911771	P1476	"The CO2 release and Oxygen uptake from Fossil Fuel Emission Estimate (COFFEE) dataset: effects from varying oxidative ratios"	qal6833	"The CO<sub>2</sub> release and Oxygen uptake from Fossil Fuel Emission Estimate (COFFEE) dataset: effects from varying oxidative ratios"
Q60011926	P1476	"Aerosol hygroscopicity and cloud condensation nuclei activity during the AC3Exp campaign: implications for cloud condensation nuclei parameterization"	qal6833	"Aerosol hygroscopicity and cloud condensation nuclei activity during the AC<sup>3</sup>Exp campaign: implications for cloud condensation nuclei parameterization"
Q60023789	P1476	"Carbon balance of South Asia constrained by passenger aircraft CO2 measurements"	qal6833	"Carbon balance of South Asia constrained by passenger aircraft CO<sub>2</sub> measurements"
Q60015148	P1476	"Evaluation of version 3.0B of the BEHR OMI NO2 product"	qal6833	"Evaluation of version 3.0B of the BEHR OMI NO<sub>2</sub> product"
Q60015284	P1476	"On the export of reactive nitrogen from Asia: NOx partitioning and effects on ozone"	qal6833	"On the export of reactive nitrogen from Asia: NO<sub>x</sub> partitioning and effects on ozone"
Q60015253	P1476	"Space-based observations of fire NOx emission coefficients: a global biome-scale comparison"	qal6833	"Space-based observations of fire NO<sub>x</sub> emission coefficients: a global biome-scale comparison"
Q60015154	P1476	"The Berkeley High Resolution Tropospheric NO2 Product"	qal6833	"The Berkeley High Resolution Tropospheric NO<sub>2</sub> Product"
Q60023774	P1476	"The Impact of Transport Model Differences on CO2 Surface Flux Estimates from OCO-2 Retrievals of Column Average CO2"	qal6833	"The Impact of Transport Model Differences on CO<sub>2</sub> Surface Flux Estimates from OCO-2 Retrievals of Column Average CO<sub>2</sub>"
Q60122278	P1476	"Experimental and model assessment of PM2.5 and BC emissions and concentrations in a Brazilian city – the Curitiba case study"	qal6833	"Experimental and model assessment of PM<sub>2.5</sub> and BC emissions and concentrations in a Brazilian city – the Curitiba case study"
Q60172170	P1476	"Real-time measurements of gas-phase organic acids using SF6− chemical ionization mass spectrometry"	qal6833	"Real-time measurements of gas-phase organic acids using SF<sub>6</sub><sup>−</sup> chemical ionization mass spectrometry"
Q60170360	P1476	"The role of vegetation in the CO2 flux from a tropical urban neighbourhood"	qal6833	"The role of vegetation in the CO<sub>2</sub> flux from a tropical urban neighbourhood"
Q60356370	P1476	"Plant-mediated CH4 transport and contribution of photosynthates to methanogenesis at a boreal mire: a 14C pulse-labeling study"	qal6833	"Plant-mediated CH<sub>4</sub> transport and contribution of photosynthates to methanogenesis at a boreal mire: a <sup>14</sup>C pulse-labeling study"
Q60514072	P1476	"Why so many flowers? A preliminary assessment of mixed pollination strategy enhancing sexual reproduction of the invasive Acacia longifolia in Portugal"	qal6833	"Why so many flowers? A preliminary assessment of mixed pollination strategy enhancing sexual reproduction of the invasive <i>Acacia longifolia</i> in Portugal"
Q60711267	P1476	"Improving algorithms and uncertainty estimates for satellite NO2 retrievals: Results from the Quality Assurance for Essential Climate Variables (QA4ECV) project"	qal6833	"Improving algorithms and uncertainty estimates for satellite NO<sub>2</sub> retrievals: Results from the Quality Assurance for Essential Climate Variables (QA4ECV) project"
Q61013745	P1476	"Primary and secondary biomass burning aerosols determined by proton nuclear magnetic resonance (1H-NMR) spectroscopy during the 2008 EUCAARI campaign in the Po Valley (Italy)"	qal6833	"Primary and secondary biomass burning aerosols determined by proton nuclear magnetic resonance (<sup>1</sup>H-NMR) spectroscopy during the 2008 EUCAARI campaign in the Po Valley (Italy)"
Q61656121	P1476	"CO, NOx and 13CO2 as tracers for fossil fuel CO2: results from a pilot study in Paris during winter 2010"	qal6833	"CO, NO<sub>x</sub> and <sup>13</sup>CO<sub>2</sub> as tracers for fossil fuel CO<sub>2</sub>: results from a pilot study in Paris during winter 2010"
Q61658510	P1476	"Diagnosing the transition layer at extratropical latitudes using MLS O3 and MOPITT CO analyses"	qal6833	"Diagnosing the transition layer at extratropical latitudes using MLS O<sub>3</sub> and MOPITT CO analyses"
Q61657397	P1476	"Global distributions of C2H6, C2H2, HCN, and PAN retrieved from MIPAS reduced spectral resolution measurements"	qal6833	"Global distributions of C<sub>2</sub>H<sub>6</sub>, C<sub>2</sub>H<sub>2</sub>, HCN, and PAN retrieved from MIPAS reduced spectral resolution measurements"
Q61658445	P1476	"Investigation of CO, C2H6 and aerosols in a boreal fire plume over eastern Canada during BORTAS 2011 using ground- and satellite-based observations and model simulations"	qal6833	"Investigation of CO, C<sub>2</sub>H<sub>6</sub> and aerosols in a boreal fire plume over eastern Canada during BORTAS 2011 using ground- and satellite-based observations and model simulations"
Q61939873	P1476	"Impact of diurnal temperature fluctuations on larval settlement and growth of the reef coral Pocillopora damicornis"	qal6833	"Impact of diurnal temperature fluctuations on larval settlement and growth of the reef coral <i>Pocillopora damicornis</i>"
Q61939875	P1476	"Impact of diurnal temperature fluctuations on larval settlement and growth of the reef coral Pocillopora damicornis"	qal6833	"Impact of diurnal temperature fluctuations on larval settlement and growth of the reef coral <i>Pocillopora damicornis</i>"
Q62573691	P1476	"Proteomic Differences between Azole-Susceptible and -Resistant Aspergillus fumigatus Strains"	qal6833	"Proteomic Differences between Azole-Susceptible and -Resistant <i>Aspergillus fumigatus</i> Strains"
Q62520631	P1476	"Urban population exposure to NOx emissions from local shipping in three Baltic Sea harbour cities – a generic approach"	qal6833	"Urban population exposure to NO<sub>x</sub> emissions from local shipping in three Baltic Sea harbour cities – a generic approach"
Q63435964	P1476	"Revisiting chlorophyll extraction methods in biological soil crusts – methodology for determination of chlorophyll a and chlorophyll a + b as compared to previous methods"	qal6833	"Revisiting chlorophyll extraction methods in biological soil crusts – methodology for determination of chlorophyll <i>a</i> and chlorophyll <i>a</i> + <i>b</i> as compared to previous methods"
Q63488656	P1476	"Insights from year-long measurements of air–water CH4 and CO2 exchange in a coastal environment"	qal6833	"Insights from year-long measurements of air–water CH<sub>4</sub> and CO<sub>2</sub> exchange in a coastal environment"
Q63849732	P1476	"Effect of increased temperature on carbon and nitrogen uptake of two intertidal foraminifera (Ammonia tepida and Haynesina germanica)"	qal6833	"Effect of increased temperature on carbon and nitrogen uptake of two intertidal foraminifera (<i>Ammonia tepida</i> and <i>Haynesina germanica</i>)"
Q63971682	P1476	"Salinity changes in the Agulhas leakage area recorded by stable hydrogen isotopes of C37 alkenones during Termination I and II"	qal6833	"Salinity changes in the Agulhas leakage area recorded by stable hydrogen isotopes of C<sub>37</sub> alkenones during Termination I and II"
Q64025175	P1476	"Sensitivity of a leaf gas-exchange model for estimating paleoatmospheric CO2 concentration"	qal6833	"Sensitivity of a leaf gas-exchange model for estimating paleoatmospheric CO<sub>2</sub> concentration"
Q64391133	P1476	"divand-1.0: n-dimensional variational data analysis for ocean observations"	qal6833	"divand-1.0: <i>n</i>-dimensional variational data analysis for ocean observations"
Q67214013	P1476	"Pollen of Bauhinia L. and Phanera Lour. (Leguminosae-Caesalpinioideae) from the Brazilian Caatinga"	qal6833	"Pollen of <i>Bauhinia</i> L. and <i>Phanera</i> Lour. (Leguminosae-Caesalpinioideae) from the Brazilian Caatinga"
Q67208396	P1476	"The effect of northern forest expansion on evapotranspiration overrides that of a possible physiological water saving response to rising CO2: Interpretations of movement in Budyko Space"	qal6833	"The effect of northern forest expansion on evapotranspiration overrides that of a possible physiological water saving response to rising CO<sub>2</sub>: Interpretations of movement in Budyko Space"
Q28319533	P1476	"Effect of Long-Term Isolation of the Rat on in vitro Biosynthesis of Gonadal Steroids from Dehydroepiandrosterone"	qal6833	"Effect of Long-Term Isolation of the Rat on <i>in vitro </i>Biosynthesis of Gonadal Steroids from Dehydroepiandrosterone"
Q28303966	P1476	"Influence on Blood Pressure of Renal Isografts between Spontaneously Hypertensive and Normotensive Rats, Utilizing the F1 Hybrids"	qal6833	"Influence on Blood Pressure of Renal Isografts between Spontaneously Hypertensive and Normotensive Rats, Utilizing the F<sub>1</sub> Hybrids"
Q39292201	P1476	"Pharmacokinetic Differences between Single and Multiple Oral Dosing with the Guidance for β-Adrenoceptor Blockade Assessment"	qal6833	"Pharmacokinetic Differences between Single and Multiple Oral Dosing with the Guidance for <i>β</i>-Adrenoceptor Blockade Assessment"
Q39331636	P1476	"Effect of Infection with Trichinella spiralis and BCG on Thymic Histology"	qal6833	"Effect of Infection with <i>Trichinella spiralis</i> and BCG on Thymic Histology"
Q39633598	P1476	"Bone Growth aud Development of Secondary Ossification Centers of Extremities in the Cynomolgus Monkey (Macaca fascicularis)"	qal6833	"Bone Growth aud Development of Secondary Ossification Centers of Extremities in the Cynomolgus Monkey (<I>Macaca fascicularis</I>)"
Q39782242	P1476	"Effects of Tetrahydropapaveroline on Dopamine and 5-Hydroxytryptamine Metabolism in Rat Brain in vivo"	qal6833	"Effects of Tetrahydropapaveroline on Dopamine and 5-Hydroxytryptamine Metabolism in Rat Brain <i>in vivo</i>"
